scenario,node_id,handshake_index,sta_cert_algo,ap_cert_algo,handshake_delay_ms,goodput_kbps,throughput_kbps,phy_frame_drop_rate,mac_retries,mac_retry_rate,tx_delay_us,prop_delay_ns,cert_verify_ap_us,cert_verify_sta_us,server_cert_msg_bytes,client_cert_msg_bytes
2,8,0,SLH-DSA-SHA2-192s_signed-by_SLH-DSA-SHAKE-128s,SLH-DSA-SHA2-192s_signed-by_SLH-DSA-SHAKE-128s,5613.42,94.9225,6.91486,1,10,0.188679,198.83,20,1.86179e+06,1.86485e+06,32804,32801
2,6,0,SLH-DSA-SHA2-192s_signed-by_SLH-DSA-SHAKE-128s,SLH-DSA-SHA2-192s_signed-by_SLH-DSA-SHAKE-128s,5634.54,94.5667,5.45776,1,0,0,234.596,11,1.86294e+06,1.86426e+06,32804,32801
2,3,0,SLH-DSA-SHA2-192s_signed-by_SLH-DSA-SHAKE-128s,SLH-DSA-SHA2-192s_signed-by_SLH-DSA-SHAKE-128s,5662.48,94.1001,8.16038,0.890625,31,0.484375,178.625,24,1.8628e+06,1.86447e+06,32804,32801
2,1,0,SLH-DSA-SHA2-192s_signed-by_SLH-DSA-SHAKE-128s,SLH-DSA-SHA2-192s_signed-by_SLH-DSA-SHAKE-128s,5671.02,93.9584,6.61045,0.982759,18,0.310345,194.069,24,1.86159e+06,1.863e+06,32804,32801
2,2,0,SLH-DSA-SHA2-192s_signed-by_SLH-DSA-SHAKE-128s,SLH-DSA-SHA2-192s_signed-by_SLH-DSA-SHAKE-128s,5673.28,93.921,5.55869,1,1,0.0204082,287.143,24,1.86509e+06,1.86478e+06,32804,32801
2,7,0,SLH-DSA-SHA2-192s_signed-by_SLH-DSA-SHAKE-128s,SLH-DSA-SHA2-192s_signed-by_SLH-DSA-SHAKE-128s,5674.85,93.895,8.69239,0.76,53,0.706667,192.027,20,1.86248e+06,1.86228e+06,32804,32801
2,5,0,SLH-DSA-SHA2-192s_signed-by_SLH-DSA-SHAKE-128s,SLH-DSA-SHA2-192s_signed-by_SLH-DSA-SHAKE-128s,5696.3,93.5414,6.2918,1,7,0.134615,435.385,13,1.86195e+06,1.90221e+06,32804,32801
2,4,0,SLH-DSA-SHA2-192s_signed-by_SLH-DSA-SHAKE-128s,SLH-DSA-SHA2-192s_signed-by_SLH-DSA-SHAKE-128s,6597.7,80.7615,4.66102,1,0,0,198.34,24,1.86186e+06,1.86316e+06,32804,32801
2,8,1,SLH-DSA-SHA2-192s_signed-by_SLH-DSA-SHAKE-128s,SLH-DSA-SHA2-192s_signed-by_SLH-DSA-SHAKE-128s,5594.15,95.2494,8.07414,0.826087,0,0,390.609,19,1.86432e+06,1.86475e+06,32804,32801
2,6,1,SLH-DSA-SHA2-192s_signed-by_SLH-DSA-SHAKE-128s,SLH-DSA-SHA2-192s_signed-by_SLH-DSA-SHAKE-128s,5602.14,95.1136,8.01693,0.844444,0,0,395.333,15,1.86243e+06,1.87106e+06,32804,32801
2,3,1,SLH-DSA-SHA2-192s_signed-by_SLH-DSA-SHAKE-128s,SLH-DSA-SHA2-192s_signed-by_SLH-DSA-SHAKE-128s,5597.43,95.1937,8.02368,0.844444,0,0,395.333,24,1.86583e+06,1.86472e+06,32804,32801
2,1,1,SLH-DSA-SHA2-192s_signed-by_SLH-DSA-SHAKE-128s,SLH-DSA-SHA2-192s_signed-by_SLH-DSA-SHAKE-128s,5594.08,95.2507,10.1221,0.612903,33,0.532258,449.161,24,1.86171e+06,1.86276e+06,32804,32801
2,2,1,SLH-DSA-SHA2-192s_signed-by_SLH-DSA-SHAKE-128s,SLH-DSA-SHA2-192s_signed-by_SLH-DSA-SHAKE-128s,5610.63,94.9696,8.05043,1,0,0,616.696,24,1.86269e+06,1.87328e+06,32804,32801
2,7,1,SLH-DSA-SHA2-192s_signed-by_SLH-DSA-SHAKE-128s,SLH-DSA-SHA2-192s_signed-by_SLH-DSA-SHAKE-128s,5611.85,94.9491,9.61394,1,45,0.918367,511.714,15,1.86528e+06,1.86426e+06,32804,32801
2,5,1,SLH-DSA-SHA2-192s_signed-by_SLH-DSA-SHAKE-128s,SLH-DSA-SHA2-192s_signed-by_SLH-DSA-SHAKE-128s,5599.04,95.1663,8.91581,0.847826,0,0,1127.13,14,1.86243e+06,1.86397e+06,32804,32801
2,4,1,SLH-DSA-SHA2-192s_signed-by_SLH-DSA-SHAKE-128s,SLH-DSA-SHA2-192s_signed-by_SLH-DSA-SHAKE-128s,5595.81,95.2212,8.026,0.866667,0,0,483.333,24,1.86157e+06,1.86394e+06,32804,32801
2,8,2,SLH-DSA-SHA2-192s_signed-by_SLH-DSA-SHAKE-128s,SLH-DSA-SHA2-192s_signed-by_SLH-DSA-SHAKE-128s,5607.84,95.017,8.05444,0.608696,0,0,384.261,16,1.86163e+06,1.87666e+06,32804,32801
2,6,2,SLH-DSA-SHA2-192s_signed-by_SLH-DSA-SHAKE-128s,SLH-DSA-SHA2-192s_signed-by_SLH-DSA-SHAKE-128s,5600.56,95.1405,8.06491,0.608696,0,0,356.261,17,1.86401e+06,1.86563e+06,32804,32801
2,3,2,SLH-DSA-SHA2-192s_signed-by_SLH-DSA-SHAKE-128s,SLH-DSA-SHA2-192s_signed-by_SLH-DSA-SHAKE-128s,5597.6,95.1908,8.15206,0.608696,1,0.0217391,387.913,24,1.86173e+06,1.86609e+06,32804,32801
2,1,2,SLH-DSA-SHA2-192s_signed-by_SLH-DSA-SHAKE-128s,SLH-DSA-SHA2-192s_signed-by_SLH-DSA-SHAKE-128s,5599.58,95.1571,9.635,0.571429,45,0.918367,683.306,24,1.86406e+06,1.86241e+06,32804,32801
2,2,2,SLH-DSA-SHA2-192s_signed-by_SLH-DSA-SHAKE-128s,SLH-DSA-SHA2-192s_signed-by_SLH-DSA-SHAKE-128s,5597.41,95.194,8.02371,0.111111,0,0,686.444,24,1.87367e+06,1.86289e+06,32804,32801
2,7,2,SLH-DSA-SHA2-192s_signed-by_SLH-DSA-SHAKE-128s,SLH-DSA-SHA2-192s_signed-by_SLH-DSA-SHAKE-128s,5620.33,94.8058,8.66568,0.0980392,11,0.215686,382.863,11,1.86407e+06,1.86708e+06,32804,32801
2,5,2,SLH-DSA-SHA2-192s_signed-by_SLH-DSA-SHAKE-128s,SLH-DSA-SHA2-192s_signed-by_SLH-DSA-SHAKE-128s,5616.69,94.8672,8.97895,0.104167,0,0,925.167,12,1.86215e+06,1.86474e+06,32804,32801
2,4,2,SLH-DSA-SHA2-192s_signed-by_SLH-DSA-SHAKE-128s,SLH-DSA-SHA2-192s_signed-by_SLH-DSA-SHAKE-128s,5599.44,95.1595,8.0208,0.111111,0,0,468.933,24,1.86247e+06,1.86614e+06,32804,32801
2,8,3,SLH-DSA-SHA2-192s_signed-by_SLH-DSA-SHAKE-128s,SLH-DSA-SHA2-192s_signed-by_SLH-DSA-SHAKE-128s,5599.9,95.1516,8.06585,0,0,0,356.261,10,1.86306e+06,1.86612e+06,32804,32801
2,6,3,SLH-DSA-SHA2-192s_signed-by_SLH-DSA-SHAKE-128s,SLH-DSA-SHA2-192s_signed-by_SLH-DSA-SHAKE-128s,5609.65,94.9863,8.0062,0,0,0,395.333,17,1.86118e+06,1.87755e+06,32804,32801
2,3,3,SLH-DSA-SHA2-192s_signed-by_SLH-DSA-SHAKE-128s,SLH-DSA-SHA2-192s_signed-by_SLH-DSA-SHAKE-128s,5597.81,95.1872,8.02314,0,0,0,412.4,24,1.86195e+06,1.86455e+06,32804,32801
2,1,3,SLH-DSA-SHA2-192s_signed-by_SLH-DSA-SHAKE-128s,SLH-DSA-SHA2-192s_signed-by_SLH-DSA-SHAKE-128s,5607.52,95.0223,8.00924,0,0,0,433.822,24,1.8624e+06,1.86722e+06,32804,32801
2,2,3,SLH-DSA-SHA2-192s_signed-by_SLH-DSA-SHAKE-128s,SLH-DSA-SHA2-192s_signed-by_SLH-DSA-SHAKE-128s,5597.9,95.1857,8.06874,0,0,0,565.913,24,1.865e+06,1.86676e+06,32804,32801
2,7,3,SLH-DSA-SHA2-192s_signed-by_SLH-DSA-SHAKE-128s,SLH-DSA-SHA2-192s_signed-by_SLH-DSA-SHAKE-128s,5601.44,95.1255,8.01793,0,0,0,395.333,20,1.86512e+06,1.86785e+06,32804,32801
2,5,3,SLH-DSA-SHA2-192s_signed-by_SLH-DSA-SHAKE-128s,SLH-DSA-SHA2-192s_signed-by_SLH-DSA-SHAKE-128s,5598.22,95.1802,8.02254,0,0,0,629.556,9,1.86264e+06,1.86293e+06,32804,32801
2,4,3,SLH-DSA-SHA2-192s_signed-by_SLH-DSA-SHAKE-128s,SLH-DSA-SHA2-192s_signed-by_SLH-DSA-SHAKE-128s,5598.08,95.1827,8.06849,0,0,0,390.609,24,1.87042e+06,1.86333e+06,32804,32801
2,8,4,SLH-DSA-SHA2-192s_signed-by_SLH-DSA-SHAKE-128s,SLH-DSA-SHA2-192s_signed-by_SLH-DSA-SHAKE-128s,5599.61,95.1566,8.06628,0,0,0,356.261,10,1.86076e+06,1.86482e+06,32804,32801
2,6,4,SLH-DSA-SHA2-192s_signed-by_SLH-DSA-SHAKE-128s,SLH-DSA-SHA2-192s_signed-by_SLH-DSA-SHAKE-128s,5597.28,95.1963,8.06964,0,0,0,356.261,23,1.86223e+06,1.86397e+06,32804,32801
2,3,4,SLH-DSA-SHA2-192s_signed-by_SLH-DSA-SHAKE-128s,SLH-DSA-SHA2-192s_signed-by_SLH-DSA-SHAKE-128s,5601.81,95.1192,8.0174,0,0,0,395.333,24,1.86407e+06,1.87065e+06,32804,32801
2,1,4,SLH-DSA-SHA2-192s_signed-by_SLH-DSA-SHAKE-128s,SLH-DSA-SHA2-192s_signed-by_SLH-DSA-SHAKE-128s,5600.31,95.1448,8.01956,0,0,0,433.822,24,1.86862e+06,1.86452e+06,32804,32801
2,2,4,SLH-DSA-SHA2-192s_signed-by_SLH-DSA-SHAKE-128s,SLH-DSA-SHA2-192s_signed-by_SLH-DSA-SHAKE-128s,5593.59,95.2591,8.0292,0,0,0,629.556,24,1.87169e+06,1.8631e+06,32804,32801
2,7,4,SLH-DSA-SHA2-192s_signed-by_SLH-DSA-SHAKE-128s,SLH-DSA-SHA2-192s_signed-by_SLH-DSA-SHAKE-128s,5594.37,95.2458,8.02808,0,0,0,395.333,21,1.86555e+06,1.86448e+06,32804,32801
2,5,4,SLH-DSA-SHA2-192s_signed-by_SLH-DSA-SHAKE-128s,SLH-DSA-SHA2-192s_signed-by_SLH-DSA-SHAKE-128s,5604.32,95.0766,8.01382,0,0,0,629.556,12,1.86394e+06,1.86484e+06,32804,32801
2,4,4,SLH-DSA-SHA2-192s_signed-by_SLH-DSA-SHAKE-128s,SLH-DSA-SHA2-192s_signed-by_SLH-DSA-SHAKE-128s,5594.14,95.2498,8.07417,0,0,0,390.609,24,1.86809e+06,1.86458e+06,32804,32801
2,8,5,SLH-DSA-SHA2-192s_signed-by_SLH-DSA-SHAKE-128s,SLH-DSA-SHA2-192s_signed-by_SLH-DSA-SHAKE-128s,5596.32,95.2126,8.07102,0,0,0,356.261,12,1.86131e+06,1.86395e+06,32804,32801
2,6,5,SLH-DSA-SHA2-192s_signed-by_SLH-DSA-SHAKE-128s,SLH-DSA-SHA2-192s_signed-by_SLH-DSA-SHAKE-128s,5594.81,95.2382,8.07319,0,0,0,356.261,18,1.86079e+06,1.86366e+06,32804,32801
2,3,5,SLH-DSA-SHA2-192s_signed-by_SLH-DSA-SHAKE-128s,SLH-DSA-SHA2-192s_signed-by_SLH-DSA-SHAKE-128s,5596.09,95.2165,8.02561,0,0,0,395.333,24,1.8622e+06,1.86264e+06,32804,32801
2,1,5,SLH-DSA-SHA2-192s_signed-by_SLH-DSA-SHAKE-128s,SLH-DSA-SHA2-192s_signed-by_SLH-DSA-SHAKE-128s,5599.46,95.1592,8.02078,0,0,0,433.822,24,1.8615e+06,1.86269e+06,32804,32801
2,2,5,SLH-DSA-SHA2-192s_signed-by_SLH-DSA-SHAKE-128s,SLH-DSA-SHA2-192s_signed-by_SLH-DSA-SHAKE-128s,5612.76,94.9338,8.00177,0,0,0,629.556,24,1.8614e+06,1.872e+06,32804,32801
2,7,5,SLH-DSA-SHA2-192s_signed-by_SLH-DSA-SHAKE-128s,SLH-DSA-SHA2-192s_signed-by_SLH-DSA-SHAKE-128s,5606.06,95.0472,8.01133,0,0,0,395.333,24,1.86324e+06,1.86747e+06,32804,32801
2,5,5,SLH-DSA-SHA2-192s_signed-by_SLH-DSA-SHAKE-128s,SLH-DSA-SHA2-192s_signed-by_SLH-DSA-SHAKE-128s,5595.75,95.2222,8.02609,0,0,0,629.556,7,1.86198e+06,1.86382e+06,32804,32801
2,4,5,SLH-DSA-SHA2-192s_signed-by_SLH-DSA-SHAKE-128s,SLH-DSA-SHA2-192s_signed-by_SLH-DSA-SHAKE-128s,5598.64,95.1731,8.06767,0,0,0,390.609,24,1.86545e+06,1.86547e+06,32804,32801
2,8,6,SLH-DSA-SHA2-192s_signed-by_SLH-DSA-SHAKE-128s,SLH-DSA-SHA2-192s_signed-by_SLH-DSA-SHAKE-128s,5593.72,95.2568,8.07477,0,0,0,356.261,12,1.86354e+06,1.86272e+06,32804,32801
2,6,6,SLH-DSA-SHA2-192s_signed-by_SLH-DSA-SHAKE-128s,SLH-DSA-SHA2-192s_signed-by_SLH-DSA-SHAKE-128s,5599.49,95.1587,8.06645,0,0,0,356.261,16,1.86243e+06,1.86392e+06,32804,32801
2,3,6,SLH-DSA-SHA2-192s_signed-by_SLH-DSA-SHAKE-128s,SLH-DSA-SHA2-192s_signed-by_SLH-DSA-SHAKE-128s,5597.08,95.1997,8.02419,0,0,0,395.333,24,1.86073e+06,1.8636e+06,32804,32801
2,1,6,SLH-DSA-SHA2-192s_signed-by_SLH-DSA-SHAKE-128s,SLH-DSA-SHA2-192s_signed-by_SLH-DSA-SHAKE-128s,5595.1,95.2334,8.02703,0,0,0,433.822,24,1.8643e+06,1.86454e+06,32804,32801
2,2,6,SLH-DSA-SHA2-192s_signed-by_SLH-DSA-SHAKE-128s,SLH-DSA-SHA2-192s_signed-by_SLH-DSA-SHAKE-128s,5601.2,95.1296,8.01828,0,0,0,629.556,24,1.86516e+06,1.86605e+06,32804,32801
2,7,6,SLH-DSA-SHA2-192s_signed-by_SLH-DSA-SHAKE-128s,SLH-DSA-SHA2-192s_signed-by_SLH-DSA-SHAKE-128s,5597.69,95.1892,8.02331,0,0,0,395.333,20,1.86324e+06,1.86406e+06,32804,32801
2,5,6,SLH-DSA-SHA2-192s_signed-by_SLH-DSA-SHAKE-128s,SLH-DSA-SHA2-192s_signed-by_SLH-DSA-SHAKE-128s,5604.57,95.0723,8.01345,0,0,0,629.556,9,1.86179e+06,1.86488e+06,32804,32801
2,4,6,SLH-DSA-SHA2-192s_signed-by_SLH-DSA-SHAKE-128s,SLH-DSA-SHA2-192s_signed-by_SLH-DSA-SHAKE-128s,5608.03,95.0137,8.05416,0,0,0,388,24,1.86387e+06,1.87559e+06,32804,32801
2,8,7,SLH-DSA-SHA2-192s_signed-by_SLH-DSA-SHAKE-128s,SLH-DSA-SHA2-192s_signed-by_SLH-DSA-SHAKE-128s,5597.78,95.1877,8.02318,0,0,0,395.333,15,1.86207e+06,1.8633e+06,32804,32801
2,6,7,SLH-DSA-SHA2-192s_signed-by_SLH-DSA-SHAKE-128s,SLH-DSA-SHA2-192s_signed-by_SLH-DSA-SHAKE-128s,5597.23,95.1971,8.0697,0,0,0,356.261,10,1.86199e+06,1.86284e+06,32804,32801
2,3,7,SLH-DSA-SHA2-192s_signed-by_SLH-DSA-SHAKE-128s,SLH-DSA-SHA2-192s_signed-by_SLH-DSA-SHAKE-128s,5607.53,95.0222,8.00923,0,0,0,395.333,24,1.86493e+06,1.86308e+06,32804,32801
2,1,7,SLH-DSA-SHA2-192s_signed-by_SLH-DSA-SHAKE-128s,SLH-DSA-SHA2-192s_signed-by_SLH-DSA-SHAKE-128s,5605.79,95.0517,8.01172,0,0,0,433.822,24,1.86237e+06,1.87229e+06,32804,32801
2,2,7,SLH-DSA-SHA2-192s_signed-by_SLH-DSA-SHAKE-128s,SLH-DSA-SHA2-192s_signed-by_SLH-DSA-SHAKE-128s,5599.45,95.1594,8.06651,0,0,0,565.913,24,1.86326e+06,1.86509e+06,32804,32801
2,7,7,SLH-DSA-SHA2-192s_signed-by_SLH-DSA-SHAKE-128s,SLH-DSA-SHA2-192s_signed-by_SLH-DSA-SHAKE-128s,5595.47,95.2271,8.0265,0,0,0,456.667,24,1.8628e+06,1.86232e+06,32804,32801
2,5,7,SLH-DSA-SHA2-192s_signed-by_SLH-DSA-SHAKE-128s,SLH-DSA-SHA2-192s_signed-by_SLH-DSA-SHAKE-128s,5596.93,95.2022,8.07014,0,0,0,390.609,12,1.86645e+06,1.86305e+06,32804,32801
2,4,7,SLH-DSA-SHA2-192s_signed-by_SLH-DSA-SHAKE-128s,SLH-DSA-SHA2-192s_signed-by_SLH-DSA-SHAKE-128s,5596.48,95.2099,8.07079,0,0,0,360.087,24,1.86348e+06,1.86358e+06,32804,32801
2,8,8,SLH-DSA-SHA2-192s_signed-by_SLH-DSA-SHAKE-128s,SLH-DSA-SHA2-192s_signed-by_SLH-DSA-SHAKE-128s,5596.25,95.2138,8.02538,0,0,0,395.333,12,1.86312e+06,1.86224e+06,32804,32801
2,6,8,SLH-DSA-SHA2-192s_signed-by_SLH-DSA-SHAKE-128s,SLH-DSA-SHA2-192s_signed-by_SLH-DSA-SHAKE-128s,5608.55,95.005,8.05343,0,0,0,356.261,0,1.86448e+06,1.86704e+06,32804,32801
2,3,8,SLH-DSA-SHA2-192s_signed-by_SLH-DSA-SHAKE-128s,SLH-DSA-SHA2-192s_signed-by_SLH-DSA-SHAKE-128s,5599.03,95.1665,8.02139,0,0,0,395.333,24,1.8723e+06,1.8647e+06,32804,32801
2,1,8,SLH-DSA-SHA2-192s_signed-by_SLH-DSA-SHAKE-128s,SLH-DSA-SHA2-192s_signed-by_SLH-DSA-SHAKE-128s,5608.28,95.0095,8.00815,0,0,0,433.822,24,1.86268e+06,1.86572e+06,32804,32801
2,2,8,SLH-DSA-SHA2-192s_signed-by_SLH-DSA-SHAKE-128s,SLH-DSA-SHA2-192s_signed-by_SLH-DSA-SHAKE-128s,5596.95,95.2018,8.07011,0,0,0,495.826,24,1.86274e+06,1.8653e+06,32804,32801
2,7,8,SLH-DSA-SHA2-192s_signed-by_SLH-DSA-SHAKE-128s,SLH-DSA-SHA2-192s_signed-by_SLH-DSA-SHAKE-128s,5598.4,95.1772,8.02229,0,0,0,395.333,26,1.86641e+06,1.8638e+06,32804,32801
2,5,8,SLH-DSA-SHA2-192s_signed-by_SLH-DSA-SHAKE-128s,SLH-DSA-SHA2-192s_signed-by_SLH-DSA-SHAKE-128s,5596.69,95.2063,8.02474,0,0,0,433.822,14,1.86174e+06,1.86228e+06,32804,32801
2,4,8,SLH-DSA-SHA2-192s_signed-by_SLH-DSA-SHAKE-128s,SLH-DSA-SHA2-192s_signed-by_SLH-DSA-SHAKE-128s,5595.35,95.2291,8.07242,0,0,0,356.261,24,1.86315e+06,1.86336e+06,32804,32801
2,8,9,SLH-DSA-SHA2-192s_signed-by_SLH-DSA-SHAKE-128s,SLH-DSA-SHA2-192s_signed-by_SLH-DSA-SHAKE-128s,5608.27,95.0097,8.00817,0,0,0,477.556,9,1.8615e+06,1.86324e+06,32804,32801
2,6,9,SLH-DSA-SHA2-192s_signed-by_SLH-DSA-SHAKE-128s,SLH-DSA-SHA2-192s_signed-by_SLH-DSA-SHAKE-128s,5596.94,95.2021,9.01064,0,0,0,484.25,8,1.86768e+06,1.86272e+06,32804,32801
2,3,9,SLH-DSA-SHA2-192s_signed-by_SLH-DSA-SHAKE-128s,SLH-DSA-SHA2-192s_signed-by_SLH-DSA-SHAKE-128s,5599.25,95.1627,8.02107,0,0,0,395.333,24,1.86356e+06,1.86376e+06,32804,32801
2,1,9,SLH-DSA-SHA2-192s_signed-by_SLH-DSA-SHAKE-128s,SLH-DSA-SHA2-192s_signed-by_SLH-DSA-SHAKE-128s,5596.52,95.2092,8.02499,0,0,0,438.622,24,1.86553e+06,1.86481e+06,32804,32801
2,2,9,SLH-DSA-SHA2-192s_signed-by_SLH-DSA-SHAKE-128s,SLH-DSA-SHA2-192s_signed-by_SLH-DSA-SHAKE-128s,5599.9,95.1517,8.02014,0,0,0,483.333,24,1.86328e+06,1.86247e+06,32804,32801
2,7,9,SLH-DSA-SHA2-192s_signed-by_SLH-DSA-SHAKE-128s,SLH-DSA-SHA2-192s_signed-by_SLH-DSA-SHAKE-128s,5601.97,95.1165,8.01718,0,0,0,395.333,23,1.86331e+06,1.86392e+06,32804,32801
2,5,9,SLH-DSA-SHA2-192s_signed-by_SLH-DSA-SHAKE-128s,SLH-DSA-SHA2-192s_signed-by_SLH-DSA-SHAKE-128s,5603.35,95.0931,8.0152,0,0,0,433.822,15,1.86326e+06,1.8647e+06,32804,32801
2,4,9,SLH-DSA-SHA2-192s_signed-by_SLH-DSA-SHAKE-128s,SLH-DSA-SHA2-192s_signed-by_SLH-DSA-SHAKE-128s,5596.99,95.2012,8.07005,0,0,0,356.522,24,1.8703e+06,1.86354e+06,32804,32801
2,8,10,SLH-DSA-SHA2-192s_signed-by_SLH-DSA-SHAKE-128s,SLH-DSA-SHA2-192s_signed-by_SLH-DSA-SHAKE-128s,5608.13,95.0121,8.05402,0,0,0,356.261,13,1.86459e+06,1.87325e+06,32804,32801
2,6,10,SLH-DSA-SHA2-192s_signed-by_SLH-DSA-SHAKE-128s,SLH-DSA-SHA2-192s_signed-by_SLH-DSA-SHAKE-128s,5598.27,95.1793,8.0682,0,0,0,356.261,12,1.87171e+06,1.86273e+06,32804,32801
2,3,10,SLH-DSA-SHA2-192s_signed-by_SLH-DSA-SHAKE-128s,SLH-DSA-SHA2-192s_signed-by_SLH-DSA-SHAKE-128s,5600.38,95.1436,8.01946,0,0,0,399.244,24,1.86378e+06,1.86689e+06,32804,32801
2,1,10,SLH-DSA-SHA2-192s_signed-by_SLH-DSA-SHAKE-128s,SLH-DSA-SHA2-192s_signed-by_SLH-DSA-SHAKE-128s,5600.23,95.146,8.06538,0,0,0,390.609,24,1.86356e+06,1.86403e+06,32804,32801
2,2,10,SLH-DSA-SHA2-192s_signed-by_SLH-DSA-SHAKE-128s,SLH-DSA-SHA2-192s_signed-by_SLH-DSA-SHAKE-128s,5601.81,95.1193,8.06311,0,0,0,434.348,24,1.86219e+06,1.86401e+06,32804,32801
2,7,10,SLH-DSA-SHA2-192s_signed-by_SLH-DSA-SHAKE-128s,SLH-DSA-SHA2-192s_signed-by_SLH-DSA-SHAKE-128s,5601.15,95.1304,8.01834,0,0,0,395.333,26,1.86144e+06,1.8626e+06,32804,32801
2,5,10,SLH-DSA-SHA2-192s_signed-by_SLH-DSA-SHAKE-128s,SLH-DSA-SHA2-192s_signed-by_SLH-DSA-SHAKE-128s,5605.57,95.0555,8.01203,0,0,0,433.822,17,1.86459e+06,1.86455e+06,32804,32801
2,4,10,SLH-DSA-SHA2-192s_signed-by_SLH-DSA-SHAKE-128s,SLH-DSA-SHA2-192s_signed-by_SLH-DSA-SHAKE-128s,5598.04,95.1834,8.06854,0,0,0,356.261,24,1.8615e+06,1.86365e+06,32804,32801
2,8,11,SLH-DSA-SHA2-192s_signed-by_SLH-DSA-SHAKE-128s,SLH-DSA-SHA2-192s_signed-by_SLH-DSA-SHAKE-128s,5594.21,95.2485,8.07407,0,0,0,356.261,13,1.86542e+06,1.86355e+06,32804,32801
2,6,11,SLH-DSA-SHA2-192s_signed-by_SLH-DSA-SHAKE-128s,SLH-DSA-SHA2-192s_signed-by_SLH-DSA-SHAKE-128s,5606.2,95.0447,8.01113,0,0,0,395.333,15,1.8653e+06,1.86916e+06,32804,32801
2,3,11,SLH-DSA-SHA2-192s_signed-by_SLH-DSA-SHAKE-128s,SLH-DSA-SHA2-192s_signed-by_SLH-DSA-SHAKE-128s,5597.74,95.1885,8.06898,0,0,0,356.261,24,1.8637e+06,1.86858e+06,32804,32801
2,1,11,SLH-DSA-SHA2-192s_signed-by_SLH-DSA-SHAKE-128s,SLH-DSA-SHA2-192s_signed-by_SLH-DSA-SHAKE-128s,5597.15,95.1984,8.06981,0,0,0,390.609,24,1.86511e+06,1.86523e+06,32804,32801
2,2,11,SLH-DSA-SHA2-192s_signed-by_SLH-DSA-SHAKE-128s,SLH-DSA-SHA2-192s_signed-by_SLH-DSA-SHAKE-128s,5594.95,95.2359,8.073,0,0,0,434.348,24,1.86766e+06,1.86305e+06,32804,32801
2,7,11,SLH-DSA-SHA2-192s_signed-by_SLH-DSA-SHAKE-128s,SLH-DSA-SHA2-192s_signed-by_SLH-DSA-SHAKE-128s,5593.95,95.2529,8.02867,0,0,0,395.333,23,1.86236e+06,1.86322e+06,32804,32801
2,5,11,SLH-DSA-SHA2-192s_signed-by_SLH-DSA-SHAKE-128s,SLH-DSA-SHA2-192s_signed-by_SLH-DSA-SHAKE-128s,5596.15,95.2154,8.02552,0,0,0,433.822,22,1.86419e+06,1.86417e+06,32804,32801
2,4,11,SLH-DSA-SHA2-192s_signed-by_SLH-DSA-SHAKE-128s,SLH-DSA-SHA2-192s_signed-by_SLH-DSA-SHAKE-128s,5603.02,95.0986,8.01567,0,0,0,395.333,24,1.86237e+06,1.86446e+06,32804,32801
2,8,12,SLH-DSA-SHA2-192s_signed-by_SLH-DSA-SHAKE-128s,SLH-DSA-SHA2-192s_signed-by_SLH-DSA-SHAKE-128s,5595.35,95.2291,8.02667,0,0,0,395.333,9,1.86331e+06,1.86493e+06,32804,32801
2,6,12,SLH-DSA-SHA2-192s_signed-by_SLH-DSA-SHAKE-128s,SLH-DSA-SHA2-192s_signed-by_SLH-DSA-SHAKE-128s,5595.71,95.223,8.0719,0,0,0,356.261,9,1.86362e+06,1.8633e+06,32804,32801
2,3,12,SLH-DSA-SHA2-192s_signed-by_SLH-DSA-SHAKE-128s,SLH-DSA-SHA2-192s_signed-by_SLH-DSA-SHAKE-128s,5605.57,95.0554,8.0577,0,0,0,356.261,24,1.86226e+06,1.87178e+06,32804,32801
2,1,12,SLH-DSA-SHA2-192s_signed-by_SLH-DSA-SHAKE-128s,SLH-DSA-SHA2-192s_signed-by_SLH-DSA-SHAKE-128s,5598.3,95.1789,8.06817,0,0,0,390.609,24,1.87594e+06,1.86534e+06,32804,32801
2,2,12,SLH-DSA-SHA2-192s_signed-by_SLH-DSA-SHAKE-128s,SLH-DSA-SHA2-192s_signed-by_SLH-DSA-SHAKE-128s,5607.91,95.0158,8.05434,0,0,0,434.348,24,1.8641e+06,1.86719e+06,32804,32801
2,7,12,SLH-DSA-SHA2-192s_signed-by_SLH-DSA-SHAKE-128s,SLH-DSA-SHA2-192s_signed-by_SLH-DSA-SHAKE-128s,5593.78,95.2557,8.02891,0,0,0,395.333,23,1.86276e+06,1.86247e+06,32804,32801
2,5,12,SLH-DSA-SHA2-192s_signed-by_SLH-DSA-SHAKE-128s,SLH-DSA-SHA2-192s_signed-by_SLH-DSA-SHAKE-128s,5596.72,95.2057,8.07044,0,0,0,390.609,18,1.86496e+06,1.86441e+06,32804,32801
2,4,12,SLH-DSA-SHA2-192s_signed-by_SLH-DSA-SHAKE-128s,SLH-DSA-SHA2-192s_signed-by_SLH-DSA-SHAKE-128s,5606.53,95.0392,8.05632,0,0,0,414.087,24,1.86123e+06,1.87379e+06,32804,32801
2,8,13,SLH-DSA-SHA2-192s_signed-by_SLH-DSA-SHAKE-128s,SLH-DSA-SHA2-192s_signed-by_SLH-DSA-SHAKE-128s,5598.8,95.1704,8.06745,0,0,0,356.261,8,1.86322e+06,1.8647e+06,32804,32801
2,6,13,SLH-DSA-SHA2-192s_signed-by_SLH-DSA-SHAKE-128s,SLH-DSA-SHA2-192s_signed-by_SLH-DSA-SHAKE-128s,5595.87,95.2203,8.07167,0,0,0,356.261,11,1.86261e+06,1.86386e+06,32804,32801
2,3,13,SLH-DSA-SHA2-192s_signed-by_SLH-DSA-SHAKE-128s,SLH-DSA-SHA2-192s_signed-by_SLH-DSA-SHAKE-128s,5608.62,95.0037,8.05332,0,0,0,356.261,24,1.86425e+06,1.87331e+06,32804,32801
2,1,13,SLH-DSA-SHA2-192s_signed-by_SLH-DSA-SHAKE-128s,SLH-DSA-SHA2-192s_signed-by_SLH-DSA-SHAKE-128s,5596.07,95.2168,8.07137,0,0,0,390.609,24,1.86093e+06,1.86457e+06,32804,32801
2,2,13,SLH-DSA-SHA2-192s_signed-by_SLH-DSA-SHAKE-128s,SLH-DSA-SHA2-192s_signed-by_SLH-DSA-SHAKE-128s,5598.4,95.1771,8.06802,0,0,0,436.522,24,1.86274e+06,1.8633e+06,32804,32801
2,7,13,SLH-DSA-SHA2-192s_signed-by_SLH-DSA-SHAKE-128s,SLH-DSA-SHA2-192s_signed-by_SLH-DSA-SHAKE-128s,5606.85,95.0338,8.0102,0,0,0,395.333,21,1.86179e+06,1.86525e+06,32804,32801
2,5,13,SLH-DSA-SHA2-192s_signed-by_SLH-DSA-SHAKE-128s,SLH-DSA-SHA2-192s_signed-by_SLH-DSA-SHAKE-128s,5599.05,95.1661,9.00724,0,0,0,609.333,14,1.86519e+06,1.8656e+06,32804,32801
2,4,13,SLH-DSA-SHA2-192s_signed-by_SLH-DSA-SHAKE-128s,SLH-DSA-SHA2-192s_signed-by_SLH-DSA-SHAKE-128s,5596.33,95.2123,8.071,0,0,0,356.261,24,1.86386e+06,1.86333e+06,32804,32801
2,8,14,SLH-DSA-SHA2-192s_signed-by_SLH-DSA-SHAKE-128s,SLH-DSA-SHA2-192s_signed-by_SLH-DSA-SHAKE-128s,5604.94,95.0661,8.0586,0,0,0,439.739,9,1.86444e+06,1.86302e+06,32804,32801
2,6,14,SLH-DSA-SHA2-192s_signed-by_SLH-DSA-SHAKE-128s,SLH-DSA-SHA2-192s_signed-by_SLH-DSA-SHAKE-128s,5603.52,95.0902,8.06065,0,0,0,365.826,9,1.8609e+06,1.86358e+06,32804,32801
2,3,14,SLH-DSA-SHA2-192s_signed-by_SLH-DSA-SHAKE-128s,SLH-DSA-SHA2-192s_signed-by_SLH-DSA-SHAKE-128s,5605.09,95.0636,8.05839,0,0,0,356.261,24,1.87036e+06,1.86353e+06,32804,32801
2,1,14,SLH-DSA-SHA2-192s_signed-by_SLH-DSA-SHAKE-128s,SLH-DSA-SHA2-192s_signed-by_SLH-DSA-SHAKE-128s,5609.28,94.9925,8.00672,0,0,0,433.822,24,1.86212e+06,1.86351e+06,32804,32801
2,2,14,SLH-DSA-SHA2-192s_signed-by_SLH-DSA-SHAKE-128s,SLH-DSA-SHA2-192s_signed-by_SLH-DSA-SHAKE-128s,5604.14,95.0796,8.05975,0,0,0,434.348,24,1.86251e+06,1.86299e+06,32804,32801
2,7,14,SLH-DSA-SHA2-192s_signed-by_SLH-DSA-SHAKE-128s,SLH-DSA-SHA2-192s_signed-by_SLH-DSA-SHAKE-128s,5603.63,95.0883,8.0148,0,0,0,422.267,24,1.86395e+06,1.86437e+06,32804,32801
2,5,14,SLH-DSA-SHA2-192s_signed-by_SLH-DSA-SHAKE-128s,SLH-DSA-SHA2-192s_signed-by_SLH-DSA-SHAKE-128s,5607.06,95.0302,8.0099,0,0,0,433.822,17,1.86241e+06,1.86668e+06,32804,32801
2,4,14,SLH-DSA-SHA2-192s_signed-by_SLH-DSA-SHAKE-128s,SLH-DSA-SHA2-192s_signed-by_SLH-DSA-SHAKE-128s,5607.31,95.0259,8.0552,0,0,0,356.261,24,1.86449e+06,1.86495e+06,32804,32801
2,8,15,SLH-DSA-SHA2-192s_signed-by_SLH-DSA-SHAKE-128s,SLH-DSA-SHA2-192s_signed-by_SLH-DSA-SHAKE-128s,5596.75,95.2053,8.0704,0,0,0,356.261,12,1.86588e+06,1.86629e+06,32804,32801
2,6,15,SLH-DSA-SHA2-192s_signed-by_SLH-DSA-SHAKE-128s,SLH-DSA-SHA2-192s_signed-by_SLH-DSA-SHAKE-128s,5595.85,95.2206,8.0717,0,0,0,356.522,3,1.86228e+06,1.86278e+06,32804,32801
2,1,15,SLH-DSA-SHA2-192s_signed-by_SLH-DSA-SHAKE-128s,SLH-DSA-SHA2-192s_signed-by_SLH-DSA-SHAKE-128s,5595.88,95.22,8.07165,0,0,0,356.261,24,1.86108e+06,1.86213e+06,32804,32801
2,2,15,SLH-DSA-SHA2-192s_signed-by_SLH-DSA-SHAKE-128s,SLH-DSA-SHA2-192s_signed-by_SLH-DSA-SHAKE-128s,5602.47,95.108,8.01646,0,0,0,483.333,24,1.86249e+06,1.86372e+06,32804,32801
2,7,15,SLH-DSA-SHA2-192s_signed-by_SLH-DSA-SHAKE-128s,SLH-DSA-SHA2-192s_signed-by_SLH-DSA-SHAKE-128s,5595.12,95.2329,8.02699,0,0,0,395.333,20,1.86857e+06,1.86352e+06,32804,32801
2,3,15,SLH-DSA-SHA2-192s_signed-by_SLH-DSA-SHAKE-128s,SLH-DSA-SHA2-192s_signed-by_SLH-DSA-SHAKE-128s,5630.85,94.6288,8.02153,0,0,0,356.261,24,1.87032e+06,1.89933e+06,32804,32801
2,5,15,SLH-DSA-SHA2-192s_signed-by_SLH-DSA-SHAKE-128s,SLH-DSA-SHA2-192s_signed-by_SLH-DSA-SHAKE-128s,5596.15,95.2155,8.07127,0,0,0,390.609,15,1.89837e+06,1.86377e+06,32804,32801
2,4,15,SLH-DSA-SHA2-192s_signed-by_SLH-DSA-SHAKE-128s,SLH-DSA-SHA2-192s_signed-by_SLH-DSA-SHAKE-128s,5598.38,95.1775,8.02232,0.488889,0,0,395.333,24,1.86448e+06,1.86595e+06,32804,32801
2,8,16,SLH-DSA-SHA2-192s_signed-by_SLH-DSA-SHAKE-128s,SLH-DSA-SHA2-192s_signed-by_SLH-DSA-SHAKE-128s,5598,95.184,8.0686,0.586957,0,0,356.261,9,1.86141e+06,1.86602e+06,32804,32801
2,6,16,SLH-DSA-SHA2-192s_signed-by_SLH-DSA-SHAKE-128s,SLH-DSA-SHA2-192s_signed-by_SLH-DSA-SHAKE-128s,5594.95,95.2359,8.07299,0.586957,0,0,356.261,9,1.86276e+06,1.86502e+06,32804,32801
2,1,16,SLH-DSA-SHA2-192s_signed-by_SLH-DSA-SHAKE-128s,SLH-DSA-SHA2-192s_signed-by_SLH-DSA-SHAKE-128s,5596.63,95.2073,8.07058,0.586957,0,0,356.261,24,1.86308e+06,1.86333e+06,32804,32801
2,2,16,SLH-DSA-SHA2-192s_signed-by_SLH-DSA-SHAKE-128s,SLH-DSA-SHA2-192s_signed-by_SLH-DSA-SHAKE-128s,5597.07,95.1999,8.06994,0.586957,0,0,434.348,24,1.86329e+06,1.86312e+06,32804,32801
2,7,16,SLH-DSA-SHA2-192s_signed-by_SLH-DSA-SHAKE-128s,SLH-DSA-SHA2-192s_signed-by_SLH-DSA-SHAKE-128s,5602.21,95.1124,8.69371,0.529412,11,0.215686,361.137,21,1.86353e+06,1.86317e+06,32804,32801
2,3,16,SLH-DSA-SHA2-192s_signed-by_SLH-DSA-SHAKE-128s,SLH-DSA-SHA2-192s_signed-by_SLH-DSA-SHAKE-128s,5602.15,95.1135,9.00226,0.5625,0,0,615.75,24,1.86353e+06,1.86371e+06,32804,32801
2,5,16,SLH-DSA-SHA2-192s_signed-by_SLH-DSA-SHAKE-128s,SLH-DSA-SHA2-192s_signed-by_SLH-DSA-SHAKE-128s,5603.23,95.0952,9.62874,0.55102,45,0.918367,566.816,17,1.86087e+06,1.86461e+06,32804,32801
2,4,16,SLH-DSA-SHA2-192s_signed-by_SLH-DSA-SHAKE-128s,SLH-DSA-SHA2-192s_signed-by_SLH-DSA-SHAKE-128s,5608.76,95.0014,8.05312,0.108696,0,0,356.261,24,1.86197e+06,1.86793e+06,32804,32801
2,8,17,SLH-DSA-SHA2-192s_signed-by_SLH-DSA-SHAKE-128s,SLH-DSA-SHA2-192s_signed-by_SLH-DSA-SHAKE-128s,5592.71,95.274,8.07622,0,0,0,356.261,1,1.86406e+06,1.86327e+06,32804,32801
2,6,17,SLH-DSA-SHA2-192s_signed-by_SLH-DSA-SHAKE-128s,SLH-DSA-SHA2-192s_signed-by_SLH-DSA-SHAKE-128s,5598.75,95.1712,8.02179,0,0,0,395.333,8,1.86197e+06,1.86593e+06,32804,32801
2,1,17,SLH-DSA-SHA2-192s_signed-by_SLH-DSA-SHAKE-128s,SLH-DSA-SHA2-192s_signed-by_SLH-DSA-SHAKE-128s,5598.74,95.1714,8.06753,0,0,0,356.261,24,1.86357e+06,1.86256e+06,32804,32801
2,2,17,SLH-DSA-SHA2-192s_signed-by_SLH-DSA-SHAKE-128s,SLH-DSA-SHA2-192s_signed-by_SLH-DSA-SHAKE-128s,5594.87,95.2372,8.02735,0,0,0,483.333,24,1.86175e+06,1.86345e+06,32804,32801
2,7,17,SLH-DSA-SHA2-192s_signed-by_SLH-DSA-SHAKE-128s,SLH-DSA-SHA2-192s_signed-by_SLH-DSA-SHAKE-128s,5594.18,95.249,8.0741,0,0,0,356.261,22,1.86657e+06,1.86375e+06,32804,32801
2,3,17,SLH-DSA-SHA2-192s_signed-by_SLH-DSA-SHAKE-128s,SLH-DSA-SHA2-192s_signed-by_SLH-DSA-SHAKE-128s,5601.02,95.1326,8.06424,0,0,0,356.261,24,1.86143e+06,1.86372e+06,32804,32801
2,5,17,SLH-DSA-SHA2-192s_signed-by_SLH-DSA-SHAKE-128s,SLH-DSA-SHA2-192s_signed-by_SLH-DSA-SHAKE-128s,5597.4,95.1942,8.02373,0,0,0,433.822,16,1.86267e+06,1.86208e+06,32804,32801
2,4,17,SLH-DSA-SHA2-192s_signed-by_SLH-DSA-SHAKE-128s,SLH-DSA-SHA2-192s_signed-by_SLH-DSA-SHAKE-128s,5599.03,95.1665,8.06711,0,0,0,356.261,24,1.86406e+06,1.86664e+06,32804,32801
2,8,18,SLH-DSA-SHA2-192s_signed-by_SLH-DSA-SHAKE-128s,SLH-DSA-SHA2-192s_signed-by_SLH-DSA-SHAKE-128s,5597.51,95.1923,8.0693,0,0,0,356.261,4,1.86282e+06,1.86453e+06,32804,32801
2,6,18,SLH-DSA-SHA2-192s_signed-by_SLH-DSA-SHAKE-128s,SLH-DSA-SHA2-192s_signed-by_SLH-DSA-SHAKE-128s,5598.76,95.1711,8.0675,0,0,0,356.261,10,1.86223e+06,1.86471e+06,32804,32801
2,1,18,SLH-DSA-SHA2-192s_signed-by_SLH-DSA-SHAKE-128s,SLH-DSA-SHA2-192s_signed-by_SLH-DSA-SHAKE-128s,5595.29,95.2301,8.0725,0,0,0,356.261,24,1.86103e+06,1.86524e+06,32804,32801
2,2,18,SLH-DSA-SHA2-192s_signed-by_SLH-DSA-SHAKE-128s,SLH-DSA-SHA2-192s_signed-by_SLH-DSA-SHAKE-128s,5598.27,95.1795,8.02248,0,0,0,483.333,24,1.86221e+06,1.86526e+06,32804,32801
2,7,18,SLH-DSA-SHA2-192s_signed-by_SLH-DSA-SHAKE-128s,SLH-DSA-SHA2-192s_signed-by_SLH-DSA-SHAKE-128s,5598.36,95.1779,8.06808,0,0,0,356.261,16,1.86741e+06,1.86591e+06,32804,32801
2,3,18,SLH-DSA-SHA2-192s_signed-by_SLH-DSA-SHAKE-128s,SLH-DSA-SHA2-192s_signed-by_SLH-DSA-SHAKE-128s,5597.44,95.1935,8.0694,0,0,0,356.261,24,1.86271e+06,1.86325e+06,32804,32801
2,5,18,SLH-DSA-SHA2-192s_signed-by_SLH-DSA-SHAKE-128s,SLH-DSA-SHA2-192s_signed-by_SLH-DSA-SHAKE-128s,5597.78,95.1877,8.06891,0,0,0,426.261,14,1.86107e+06,1.86443e+06,32804,32801
2,4,18,SLH-DSA-SHA2-192s_signed-by_SLH-DSA-SHAKE-128s,SLH-DSA-SHA2-192s_signed-by_SLH-DSA-SHAKE-128s,5601.21,95.1294,8.95806,0,0,0,508.043,24,1.8624e+06,1.86777e+06,32804,32801
2,8,19,SLH-DSA-SHA2-192s_signed-by_SLH-DSA-SHAKE-128s,SLH-DSA-SHA2-192s_signed-by_SLH-DSA-SHAKE-128s,5597.43,95.1937,8.06942,0,0,0,356.261,6,1.86322e+06,1.86282e+06,32804,32801
2,6,19,SLH-DSA-SHA2-192s_signed-by_SLH-DSA-SHAKE-128s,SLH-DSA-SHA2-192s_signed-by_SLH-DSA-SHAKE-128s,5598.41,95.177,8.02227,0,0,0,395.333,17,1.86245e+06,1.86736e+06,32804,32801
2,1,19,SLH-DSA-SHA2-192s_signed-by_SLH-DSA-SHAKE-128s,SLH-DSA-SHA2-192s_signed-by_SLH-DSA-SHAKE-128s,5593.82,95.2551,8.07462,0,0,0,356.261,24,1.86221e+06,1.86327e+06,32804,32801
2,2,19,SLH-DSA-SHA2-192s_signed-by_SLH-DSA-SHAKE-128s,SLH-DSA-SHA2-192s_signed-by_SLH-DSA-SHAKE-128s,5593.64,95.2583,8.07489,0,0,0,390.609,24,1.86203e+06,1.86228e+06,32804,32801
2,7,19,SLH-DSA-SHA2-192s_signed-by_SLH-DSA-SHAKE-128s,SLH-DSA-SHA2-192s_signed-by_SLH-DSA-SHAKE-128s,5597.5,95.1925,8.06931,0,0,0,439.739,20,1.86661e+06,1.86275e+06,32804,32801
2,3,19,SLH-DSA-SHA2-192s_signed-by_SLH-DSA-SHAKE-128s,SLH-DSA-SHA2-192s_signed-by_SLH-DSA-SHAKE-128s,5592.07,95.2849,8.07715,0,0,0,356.261,24,1.86283e+06,1.86256e+06,32804,32801
2,5,19,SLH-DSA-SHA2-192s_signed-by_SLH-DSA-SHAKE-128s,SLH-DSA-SHA2-192s_signed-by_SLH-DSA-SHAKE-128s,5597.39,95.1944,8.06948,0,0,0,390.609,15,1.86496e+06,1.86306e+06,32804,32801
2,4,19,SLH-DSA-SHA2-192s_signed-by_SLH-DSA-SHAKE-128s,SLH-DSA-SHA2-192s_signed-by_SLH-DSA-SHAKE-128s,5602.51,95.1074,8.0621,0,0,0,356.261,24,1.8633e+06,1.86802e+06,32804,32801
2,8,20,SLH-DSA-SHA2-192s_signed-by_SLH-DSA-SHAKE-128s,SLH-DSA-SHA2-192s_signed-by_SLH-DSA-SHAKE-128s,5592.81,95.2723,8.07608,0,0,0,381.913,8,1.86149e+06,1.8626e+06,32804,32801
2,6,20,SLH-DSA-SHA2-192s_signed-by_SLH-DSA-SHAKE-128s,SLH-DSA-SHA2-192s_signed-by_SLH-DSA-SHAKE-128s,5599.08,95.1656,8.06703,0,0,0,364.783,18,1.8631e+06,1.86472e+06,32804,32801
2,1,20,SLH-DSA-SHA2-192s_signed-by_SLH-DSA-SHAKE-128s,SLH-DSA-SHA2-192s_signed-by_SLH-DSA-SHAKE-128s,5596.17,95.2152,8.02549,0,0,0,631.778,24,1.86286e+06,1.86341e+06,32804,32801
2,2,20,SLH-DSA-SHA2-192s_signed-by_SLH-DSA-SHAKE-128s,SLH-DSA-SHA2-192s_signed-by_SLH-DSA-SHAKE-128s,5595.58,95.2252,8.07209,0,0,0,390.609,24,1.86374e+06,1.86449e+06,32804,32801
2,7,20,SLH-DSA-SHA2-192s_signed-by_SLH-DSA-SHAKE-128s,SLH-DSA-SHA2-192s_signed-by_SLH-DSA-SHAKE-128s,5590.98,95.3035,8.03294,0,0,0,395.333,24,1.86328e+06,1.86253e+06,32804,32801
2,3,20,SLH-DSA-SHA2-192s_signed-by_SLH-DSA-SHAKE-128s,SLH-DSA-SHA2-192s_signed-by_SLH-DSA-SHAKE-128s,5593.54,95.2599,8.07503,0,0,0,356.261,24,1.86214e+06,1.86278e+06,32804,32801
2,5,20,SLH-DSA-SHA2-192s_signed-by_SLH-DSA-SHAKE-128s,SLH-DSA-SHA2-192s_signed-by_SLH-DSA-SHAKE-128s,5598.02,95.1836,8.06856,0,0,0,390.609,13,1.86276e+06,1.86566e+06,32804,32801
2,4,20,SLH-DSA-SHA2-192s_signed-by_SLH-DSA-SHAKE-128s,SLH-DSA-SHA2-192s_signed-by_SLH-DSA-SHAKE-128s,5622.63,94.767,7.98772,0,0,0,395.333,24,1.86994e+06,1.86507e+06,32804,32801
2,8,21,SLH-DSA-SHA2-192s_signed-by_SLH-DSA-SHAKE-128s,SLH-DSA-SHA2-192s_signed-by_SLH-DSA-SHAKE-128s,5595.11,95.2332,8.07276,0,0,0,356.261,11,1.86112e+06,1.86322e+06,32804,32801
2,6,21,SLH-DSA-SHA2-192s_signed-by_SLH-DSA-SHAKE-128s,SLH-DSA-SHA2-192s_signed-by_SLH-DSA-SHAKE-128s,5597.05,95.2001,8.06996,0,0,0,356.261,14,1.86282e+06,1.86552e+06,32804,32801
2,2,21,SLH-DSA-SHA2-192s_signed-by_SLH-DSA-SHAKE-128s,SLH-DSA-SHA2-192s_signed-by_SLH-DSA-SHAKE-128s,5602.78,95.1028,8.06171,0,0,0,390.609,24,1.86341e+06,1.86941e+06,32804,32801
2,1,21,SLH-DSA-SHA2-192s_signed-by_SLH-DSA-SHAKE-128s,SLH-DSA-SHA2-192s_signed-by_SLH-DSA-SHAKE-128s,5623.26,94.7565,7.98683,0,0,0,395.333,24,1.86315e+06,1.8654e+06,32804,32801
2,7,21,SLH-DSA-SHA2-192s_signed-by_SLH-DSA-SHAKE-128s,SLH-DSA-SHA2-192s_signed-by_SLH-DSA-SHAKE-128s,5600.35,95.1441,8.0195,0,0,0,395.333,17,1.86217e+06,1.86208e+06,32804,32801
2,3,21,SLH-DSA-SHA2-192s_signed-by_SLH-DSA-SHAKE-128s,SLH-DSA-SHA2-192s_signed-by_SLH-DSA-SHAKE-128s,5597.49,95.1927,8.0236,0,0,0,421.556,24,1.8638e+06,1.86331e+06,32804,32801
2,5,21,SLH-DSA-SHA2-192s_signed-by_SLH-DSA-SHAKE-128s,SLH-DSA-SHA2-192s_signed-by_SLH-DSA-SHAKE-128s,5600.63,95.1393,8.06481,0,0,0,390.609,11,1.8648e+06,1.86669e+06,32804,32801
2,4,21,SLH-DSA-SHA2-192s_signed-by_SLH-DSA-SHAKE-128s,SLH-DSA-SHA2-192s_signed-by_SLH-DSA-SHAKE-128s,5606.78,95.035,8.05597,0,0,0,356.261,24,1.86112e+06,1.87379e+06,32804,32801
2,8,22,SLH-DSA-SHA2-192s_signed-by_SLH-DSA-SHAKE-128s,SLH-DSA-SHA2-192s_signed-by_SLH-DSA-SHAKE-128s,5597.45,95.1933,8.06939,0,0,0,356.261,12,1.86256e+06,1.86144e+06,32804,32801
2,6,22,SLH-DSA-SHA2-192s_signed-by_SLH-DSA-SHAKE-128s,SLH-DSA-SHA2-192s_signed-by_SLH-DSA-SHAKE-128s,5593.51,95.2604,8.07507,0,0,0,356.261,9,1.86348e+06,1.86357e+06,32804,32801
2,2,22,SLH-DSA-SHA2-192s_signed-by_SLH-DSA-SHAKE-128s,SLH-DSA-SHA2-192s_signed-by_SLH-DSA-SHAKE-128s,5591.89,95.288,8.07741,0,0,0,390.87,24,1.86226e+06,1.8621e+06,32804,32801
2,1,22,SLH-DSA-SHA2-192s_signed-by_SLH-DSA-SHAKE-128s,SLH-DSA-SHA2-192s_signed-by_SLH-DSA-SHAKE-128s,5600.84,95.1357,8.0188,0,0,0,395.333,24,1.86243e+06,1.8622e+06,32804,32801
2,7,22,SLH-DSA-SHA2-192s_signed-by_SLH-DSA-SHAKE-128s,SLH-DSA-SHA2-192s_signed-by_SLH-DSA-SHAKE-128s,5603.71,95.0871,8.01469,0,0,0,395.333,12,1.86126e+06,1.86236e+06,32804,32801
2,5,22,SLH-DSA-SHA2-192s_signed-by_SLH-DSA-SHAKE-128s,SLH-DSA-SHA2-192s_signed-by_SLH-DSA-SHAKE-128s,5604.3,95.077,8.05953,0,0,0,390.609,13,1.86323e+06,1.87153e+06,32804,32801
2,3,22,SLH-DSA-SHA2-192s_signed-by_SLH-DSA-SHAKE-128s,SLH-DSA-SHA2-192s_signed-by_SLH-DSA-SHAKE-128s,5706.2,93.3791,7.87074,0,0,0,395.333,24,1.86345e+06,1.8661e+06,32804,32801
2,4,22,SLH-DSA-SHA2-192s_signed-by_SLH-DSA-SHAKE-128s,SLH-DSA-SHA2-192s_signed-by_SLH-DSA-SHAKE-128s,5593.32,95.2636,8.07534,0,0,0,356.261,24,1.86053e+06,1.86463e+06,32804,32801
2,8,23,SLH-DSA-SHA2-192s_signed-by_SLH-DSA-SHAKE-128s,SLH-DSA-SHA2-192s_signed-by_SLH-DSA-SHAKE-128s,5593.6,95.2588,8.07494,0,0,0,356.261,8,1.8625e+06,1.86288e+06,32804,32801
2,6,23,SLH-DSA-SHA2-192s_signed-by_SLH-DSA-SHAKE-128s,SLH-DSA-SHA2-192s_signed-by_SLH-DSA-SHAKE-128s,5601.98,95.1163,8.06286,0.23913,0,0,356.261,15,1.86747e+06,1.86378e+06,32804,32801
2,2,23,SLH-DSA-SHA2-192s_signed-by_SLH-DSA-SHAKE-128s,SLH-DSA-SHA2-192s_signed-by_SLH-DSA-SHAKE-128s,5595.46,95.2272,8.07226,0.23913,0,0,390.609,24,1.8604e+06,1.8637e+06,32804,32801
2,1,23,SLH-DSA-SHA2-192s_signed-by_SLH-DSA-SHAKE-128s,SLH-DSA-SHA2-192s_signed-by_SLH-DSA-SHAKE-128s,5595.26,95.2306,8.07254,0.23913,0,0,356.261,24,1.86161e+06,1.86268e+06,32804,32801
2,7,23,SLH-DSA-SHA2-192s_signed-by_SLH-DSA-SHAKE-128s,SLH-DSA-SHA2-192s_signed-by_SLH-DSA-SHAKE-128s,5597.27,95.1965,8.06965,0.23913,0,0,356.261,8,1.86307e+06,1.8621e+06,32804,32801
2,5,23,SLH-DSA-SHA2-192s_signed-by_SLH-DSA-SHAKE-128s,SLH-DSA-SHA2-192s_signed-by_SLH-DSA-SHAKE-128s,5601.14,95.1307,8.06408,0.23913,0,0,390.609,7,1.86113e+06,1.86276e+06,32804,32801
2,3,23,SLH-DSA-SHA2-192s_signed-by_SLH-DSA-SHAKE-128s,SLH-DSA-SHA2-192s_signed-by_SLH-DSA-SHAKE-128s,5605.58,95.0553,8.01202,0.244444,0,0,395.333,24,1.86195e+06,1.86561e+06,32804,32801
2,4,23,SLH-DSA-SHA2-192s_signed-by_SLH-DSA-SHAKE-128s,SLH-DSA-SHA2-192s_signed-by_SLH-DSA-SHAKE-128s,5595.95,95.2188,8.07155,0.23913,0,0,360.609,24,1.86207e+06,1.86504e+06,32804,32801
2,8,24,SLH-DSA-SHA2-192s_signed-by_SLH-DSA-SHAKE-128s,SLH-DSA-SHA2-192s_signed-by_SLH-DSA-SHAKE-128s,5595.57,95.2253,9.1358,0.489796,23,0.469388,372.857,9,1.86332e+06,1.86313e+06,32804,32801
2,6,24,SLH-DSA-SHA2-192s_signed-by_SLH-DSA-SHAKE-128s,SLH-DSA-SHA2-192s_signed-by_SLH-DSA-SHAKE-128s,5595.83,95.2209,8.07172,0.282609,0,0,356.261,17,1.86206e+06,1.86339e+06,32804,32801
2,1,24,SLH-DSA-SHA2-192s_signed-by_SLH-DSA-SHAKE-128s,SLH-DSA-SHA2-192s_signed-by_SLH-DSA-SHAKE-128s,5595.12,95.233,8.07275,0.282609,0,0,356.261,24,1.86877e+06,1.86298e+06,32804,32801
2,7,24,SLH-DSA-SHA2-192s_signed-by_SLH-DSA-SHAKE-128s,SLH-DSA-SHA2-192s_signed-by_SLH-DSA-SHAKE-128s,5598.02,95.1836,9.82061,0.213115,27,0.442623,328.885,6,1.86282e+06,1.8632e+06,32804,32801
2,2,24,SLH-DSA-SHA2-192s_signed-by_SLH-DSA-SHAKE-128s,SLH-DSA-SHA2-192s_signed-by_SLH-DSA-SHAKE-128s,5622.16,94.775,8.03393,0.282609,0,0,390.609,24,1.8655e+06,1.88997e+06,32804,32801
2,5,24,SLH-DSA-SHA2-192s_signed-by_SLH-DSA-SHAKE-128s,SLH-DSA-SHA2-192s_signed-by_SLH-DSA-SHAKE-128s,5595.84,95.2208,8.07171,0.282609,0,0,391.478,9,1.86121e+06,1.86428e+06,32804,32801
2,3,24,SLH-DSA-SHA2-192s_signed-by_SLH-DSA-SHAKE-128s,SLH-DSA-SHA2-192s_signed-by_SLH-DSA-SHAKE-128s,5605.65,95.0541,8.05758,0.282609,0,0,356.261,24,1.86221e+06,1.86606e+06,32804,32801
2,4,24,SLH-DSA-SHA2-192s_signed-by_SLH-DSA-SHAKE-128s,SLH-DSA-SHA2-192s_signed-by_SLH-DSA-SHAKE-128s,5597.21,95.1974,8.06973,0.282609,0,0,356.261,24,1.86283e+06,1.86529e+06,32804,32801
2,8,25,SLH-DSA-SHA2-192s_signed-by_SLH-DSA-SHAKE-128s,SLH-DSA-SHA2-192s_signed-by_SLH-DSA-SHAKE-128s,5597.31,95.1958,8.0696,0,0,0,394.522,4,1.86262e+06,1.86396e+06,32804,32801
2,6,25,SLH-DSA-SHA2-192s_signed-by_SLH-DSA-SHAKE-128s,SLH-DSA-SHA2-192s_signed-by_SLH-DSA-SHAKE-128s,5594.77,95.239,8.0275,0,0,0,631.778,14,1.862e+06,1.86437e+06,32804,32801
2,1,25,SLH-DSA-SHA2-192s_signed-by_SLH-DSA-SHAKE-128s,SLH-DSA-SHA2-192s_signed-by_SLH-DSA-SHAKE-128s,5592.18,95.2831,8.07699,0,0,0,356.261,24,1.86193e+06,1.86254e+06,32804,32801
2,7,25,SLH-DSA-SHA2-192s_signed-by_SLH-DSA-SHAKE-128s,SLH-DSA-SHA2-192s_signed-by_SLH-DSA-SHAKE-128s,5602.01,95.1159,8.01712,0,0,0,395.333,12,1.86324e+06,1.86436e+06,32804,32801
2,2,25,SLH-DSA-SHA2-192s_signed-by_SLH-DSA-SHAKE-128s,SLH-DSA-SHA2-192s_signed-by_SLH-DSA-SHAKE-128s,5600.9,95.1346,8.0187,0,0,0,412.311,24,1.86238e+06,1.86296e+06,32804,32801
2,5,25,SLH-DSA-SHA2-192s_signed-by_SLH-DSA-SHAKE-128s,SLH-DSA-SHA2-192s_signed-by_SLH-DSA-SHAKE-128s,5594.53,95.2431,8.0736,0.23913,0,0,390.609,14,1.86274e+06,1.86492e+06,32804,32801
2,3,25,SLH-DSA-SHA2-192s_signed-by_SLH-DSA-SHAKE-128s,SLH-DSA-SHA2-192s_signed-by_SLH-DSA-SHAKE-128s,5598.18,95.181,8.02261,0.244444,0,0,395.333,24,1.87212e+06,1.86648e+06,32804,32801
2,4,25,SLH-DSA-SHA2-192s_signed-by_SLH-DSA-SHAKE-128s,SLH-DSA-SHA2-192s_signed-by_SLH-DSA-SHAKE-128s,5596.3,95.213,8.07105,0.23913,0,0,356.261,24,1.86178e+06,1.8668e+06,32804,32801
2,8,26,SLH-DSA-SHA2-192s_signed-by_SLH-DSA-SHAKE-128s,SLH-DSA-SHA2-192s_signed-by_SLH-DSA-SHAKE-128s,5594.2,95.2487,8.07408,0.23913,0,0,356.261,8,1.86266e+06,1.86319e+06,32804,32801
2,6,26,SLH-DSA-SHA2-192s_signed-by_SLH-DSA-SHAKE-128s,SLH-DSA-SHA2-192s_signed-by_SLH-DSA-SHAKE-128s,5598.81,95.1703,8.06743,0.23913,0,0,356.261,17,1.86201e+06,1.86463e+06,32804,32801
2,1,26,SLH-DSA-SHA2-192s_signed-by_SLH-DSA-SHAKE-128s,SLH-DSA-SHA2-192s_signed-by_SLH-DSA-SHAKE-128s,5595.05,95.2342,8.07285,0.23913,0,0,378.174,24,1.86321e+06,1.86383e+06,32804,32801
2,7,26,SLH-DSA-SHA2-192s_signed-by_SLH-DSA-SHAKE-128s,SLH-DSA-SHA2-192s_signed-by_SLH-DSA-SHAKE-128s,5597.65,95.1899,8.0691,0.23913,0,0,545.652,9,1.86323e+06,1.86361e+06,32804,32801
2,2,26,SLH-DSA-SHA2-192s_signed-by_SLH-DSA-SHAKE-128s,SLH-DSA-SHA2-192s_signed-by_SLH-DSA-SHAKE-128s,5600.63,95.1393,9.08183,0.229167,23,0.479167,409.833,24,1.87634e+06,1.86424e+06,32804,32801
2,5,26,SLH-DSA-SHA2-192s_signed-by_SLH-DSA-SHAKE-128s,SLH-DSA-SHA2-192s_signed-by_SLH-DSA-SHAKE-128s,5595.06,95.2341,8.02709,0,0,0,433.822,8,1.86367e+06,1.86337e+06,32804,32801
2,3,26,SLH-DSA-SHA2-192s_signed-by_SLH-DSA-SHAKE-128s,SLH-DSA-SHA2-192s_signed-by_SLH-DSA-SHAKE-128s,5602.27,95.1114,8.06244,0,0,0,356.261,24,1.86147e+06,1.86942e+06,32804,32801
2,4,26,SLH-DSA-SHA2-192s_signed-by_SLH-DSA-SHAKE-128s,SLH-DSA-SHA2-192s_signed-by_SLH-DSA-SHAKE-128s,5594.2,95.2486,8.02831,0,0,0,395.333,24,1.86139e+06,1.86414e+06,32804,32801
2,8,27,SLH-DSA-SHA2-192s_signed-by_SLH-DSA-SHAKE-128s,SLH-DSA-SHA2-192s_signed-by_SLH-DSA-SHAKE-128s,5597.53,95.1919,8.06927,0,0,0,356.261,4,1.86527e+06,1.86757e+06,32804,32801
2,6,27,SLH-DSA-SHA2-192s_signed-by_SLH-DSA-SHAKE-128s,SLH-DSA-SHA2-192s_signed-by_SLH-DSA-SHAKE-128s,5600.04,95.1493,8.06566,0,0,0,356.261,14,1.86239e+06,1.8638e+06,32804,32801
2,1,27,SLH-DSA-SHA2-192s_signed-by_SLH-DSA-SHAKE-128s,SLH-DSA-SHA2-192s_signed-by_SLH-DSA-SHAKE-128s,5595.48,95.2269,8.07223,0,0,0,356.261,24,1.86345e+06,1.86616e+06,32804,32801
2,7,27,SLH-DSA-SHA2-192s_signed-by_SLH-DSA-SHAKE-128s,SLH-DSA-SHA2-192s_signed-by_SLH-DSA-SHAKE-128s,5601.04,95.1323,8.01851,0,0,0,395.333,10,1.86316e+06,1.86433e+06,32804,32801
2,2,27,SLH-DSA-SHA2-192s_signed-by_SLH-DSA-SHAKE-128s,SLH-DSA-SHA2-192s_signed-by_SLH-DSA-SHAKE-128s,5601.56,95.1235,8.06347,0,0,0,356.261,24,1.86187e+06,1.8643e+06,32804,32801
2,5,27,SLH-DSA-SHA2-192s_signed-by_SLH-DSA-SHAKE-128s,SLH-DSA-SHA2-192s_signed-by_SLH-DSA-SHAKE-128s,5600.83,95.1359,8.01881,0,0,0,433.822,8,1.86354e+06,1.87056e+06,32804,32801
2,3,27,SLH-DSA-SHA2-192s_signed-by_SLH-DSA-SHAKE-128s,SLH-DSA-SHA2-192s_signed-by_SLH-DSA-SHAKE-128s,5599.6,95.1569,8.0663,0,0,0,602,24,1.86252e+06,1.86974e+06,32804,32801
2,4,27,SLH-DSA-SHA2-192s_signed-by_SLH-DSA-SHAKE-128s,SLH-DSA-SHA2-192s_signed-by_SLH-DSA-SHAKE-128s,5608.49,95.006,8.05351,0,0,0,356.261,24,1.86225e+06,1.87314e+06,32804,32801
2,8,28,SLH-DSA-SHA2-192s_signed-by_SLH-DSA-SHAKE-128s,SLH-DSA-SHA2-192s_signed-by_SLH-DSA-SHAKE-128s,5605.95,95.0489,8.05715,0,0,0,356.261,7,1.8603e+06,1.87034e+06,32804,32801
2,6,28,SLH-DSA-SHA2-192s_signed-by_SLH-DSA-SHAKE-128s,SLH-DSA-SHA2-192s_signed-by_SLH-DSA-SHAKE-128s,5600.37,95.1437,8.06518,0,0,0,356.261,17,1.86402e+06,1.86603e+06,32804,32801
2,1,28,SLH-DSA-SHA2-192s_signed-by_SLH-DSA-SHAKE-128s,SLH-DSA-SHA2-192s_signed-by_SLH-DSA-SHAKE-128s,5612,94.9465,8.04847,0,0,0,356.261,24,1.86335e+06,1.86472e+06,32804,32801
2,7,28,SLH-DSA-SHA2-192s_signed-by_SLH-DSA-SHAKE-128s,SLH-DSA-SHA2-192s_signed-by_SLH-DSA-SHAKE-128s,5604.49,95.0737,8.05925,0,0,0,356.261,13,1.86204e+06,1.8694e+06,32804,32801
2,2,28,SLH-DSA-SHA2-192s_signed-by_SLH-DSA-SHAKE-128s,SLH-DSA-SHA2-192s_signed-by_SLH-DSA-SHAKE-128s,5600.24,95.1459,8.06537,0,0,0,356.261,24,1.86468e+06,1.86523e+06,32804,32801
2,5,28,SLH-DSA-SHA2-192s_signed-by_SLH-DSA-SHAKE-128s,SLH-DSA-SHA2-192s_signed-by_SLH-DSA-SHAKE-128s,5601.48,95.1248,8.06357,0,0,0,390.609,16,1.86536e+06,1.86566e+06,32804,32801
2,3,28,SLH-DSA-SHA2-192s_signed-by_SLH-DSA-SHAKE-128s,SLH-DSA-SHA2-192s_signed-by_SLH-DSA-SHAKE-128s,5598.55,95.1746,8.0678,0,0,0,356.261,24,1.86212e+06,1.8645e+06,32804,32801
2,4,28,SLH-DSA-SHA2-192s_signed-by_SLH-DSA-SHAKE-128s,SLH-DSA-SHA2-192s_signed-by_SLH-DSA-SHAKE-128s,5598.9,95.1686,8.06729,0,0,0,356.261,24,1.86097e+06,1.86394e+06,32804,32801
2,8,29,SLH-DSA-SHA2-192s_signed-by_SLH-DSA-SHAKE-128s,SLH-DSA-SHA2-192s_signed-by_SLH-DSA-SHAKE-128s,5599.19,95.1637,8.06688,0,0,0,356.261,7,1.86367e+06,1.86249e+06,32804,32801
2,6,29,SLH-DSA-SHA2-192s_signed-by_SLH-DSA-SHAKE-128s,SLH-DSA-SHA2-192s_signed-by_SLH-DSA-SHAKE-128s,5594.73,95.2396,8.07331,0,0,0,357.043,17,1.86356e+06,1.86248e+06,32804,32801
2,1,29,SLH-DSA-SHA2-192s_signed-by_SLH-DSA-SHAKE-128s,SLH-DSA-SHA2-192s_signed-by_SLH-DSA-SHAKE-128s,5597.77,95.1879,8.06893,0,0,0,356.261,24,1.86178e+06,1.86567e+06,32804,32801
2,7,29,SLH-DSA-SHA2-192s_signed-by_SLH-DSA-SHAKE-128s,SLH-DSA-SHA2-192s_signed-by_SLH-DSA-SHAKE-128s,5593.4,95.2624,8.07524,0,0,0,356.261,11,1.86144e+06,1.86272e+06,32804,32801
2,2,29,SLH-DSA-SHA2-192s_signed-by_SLH-DSA-SHAKE-128s,SLH-DSA-SHA2-192s_signed-by_SLH-DSA-SHAKE-128s,5601.43,95.1257,8.01795,0,0,0,395.333,24,1.86324e+06,1.86829e+06,32804,32801
2,5,29,SLH-DSA-SHA2-192s_signed-by_SLH-DSA-SHAKE-128s,SLH-DSA-SHA2-192s_signed-by_SLH-DSA-SHAKE-128s,5600.62,95.1394,8.01911,0,0,0,433.822,16,1.86823e+06,1.86638e+06,32804,32801
2,3,29,SLH-DSA-SHA2-192s_signed-by_SLH-DSA-SHAKE-128s,SLH-DSA-SHA2-192s_signed-by_SLH-DSA-SHAKE-128s,5606.13,95.046,8.0569,0,0,0,356.261,24,1.86294e+06,1.86918e+06,32804,32801
2,4,29,SLH-DSA-SHA2-192s_signed-by_SLH-DSA-SHAKE-128s,SLH-DSA-SHA2-192s_signed-by_SLH-DSA-SHAKE-128s,5596.75,95.2052,9.01094,0,0,0,585.75,24,1.86366e+06,1.8641e+06,32804,32801
2,8,30,SLH-DSA-SHA2-192s_signed-by_SLH-DSA-SHAKE-128s,SLH-DSA-SHA2-192s_signed-by_SLH-DSA-SHAKE-128s,5593.79,95.2557,8.07467,0,0,0,356.261,13,1.86219e+06,1.86304e+06,32804,32801
2,6,30,SLH-DSA-SHA2-192s_signed-by_SLH-DSA-SHAKE-128s,SLH-DSA-SHA2-192s_signed-by_SLH-DSA-SHAKE-128s,5596.63,95.2073,8.07057,0,0,0,356.261,19,1.86281e+06,1.86521e+06,32804,32801
2,1,30,SLH-DSA-SHA2-192s_signed-by_SLH-DSA-SHAKE-128s,SLH-DSA-SHA2-192s_signed-by_SLH-DSA-SHAKE-128s,5600.48,95.1418,8.06502,0,0,0,356.261,24,1.86606e+06,1.8689e+06,32804,32801
2,7,30,SLH-DSA-SHA2-192s_signed-by_SLH-DSA-SHAKE-128s,SLH-DSA-SHA2-192s_signed-by_SLH-DSA-SHAKE-128s,5593.92,95.2534,8.07448,0,0,0,356.261,19,1.86134e+06,1.86318e+06,32804,32801
2,2,30,SLH-DSA-SHA2-192s_signed-by_SLH-DSA-SHAKE-128s,SLH-DSA-SHA2-192s_signed-by_SLH-DSA-SHAKE-128s,5594.9,95.2368,8.02732,0,0,0,631.778,24,1.86661e+06,1.86384e+06,32804,32801
2,5,30,SLH-DSA-SHA2-192s_signed-by_SLH-DSA-SHAKE-128s,SLH-DSA-SHA2-192s_signed-by_SLH-DSA-SHAKE-128s,5590.7,95.3082,8.07912,0,0,0,372.87,14,1.86228e+06,1.86224e+06,32804,32801
2,3,30,SLH-DSA-SHA2-192s_signed-by_SLH-DSA-SHAKE-128s,SLH-DSA-SHA2-192s_signed-by_SLH-DSA-SHAKE-128s,5592.09,95.2846,8.07712,0,0,0,356.261,24,1.86403e+06,1.86199e+06,32804,32801
2,4,30,SLH-DSA-SHA2-192s_signed-by_SLH-DSA-SHAKE-128s,SLH-DSA-SHA2-192s_signed-by_SLH-DSA-SHAKE-128s,5595.38,95.2286,8.07237,0,0,0,356.261,24,1.86297e+06,1.86335e+06,32804,32801
2,8,31,SLH-DSA-SHA2-192s_signed-by_SLH-DSA-SHAKE-128s,SLH-DSA-SHA2-192s_signed-by_SLH-DSA-SHAKE-128s,5594.24,95.248,8.07402,0,0,0,427.217,16,1.86115e+06,1.8653e+06,32804,32801
2,6,31,SLH-DSA-SHA2-192s_signed-by_SLH-DSA-SHAKE-128s,SLH-DSA-SHA2-192s_signed-by_SLH-DSA-SHAKE-128s,5593.71,95.2569,8.02901,0,0,0,395.333,12,1.86196e+06,1.86452e+06,32804,32801
2,1,31,SLH-DSA-SHA2-192s_signed-by_SLH-DSA-SHAKE-128s,SLH-DSA-SHA2-192s_signed-by_SLH-DSA-SHAKE-128s,5592.7,95.2743,8.07625,0,0,0,356.261,24,1.86025e+06,1.86247e+06,32804,32801
2,7,31,SLH-DSA-SHA2-192s_signed-by_SLH-DSA-SHAKE-128s,SLH-DSA-SHA2-192s_signed-by_SLH-DSA-SHAKE-128s,5597.94,95.1851,8.06869,0,0,0,356.261,14,1.86311e+06,1.86614e+06,32804,32801
2,2,31,SLH-DSA-SHA2-192s_signed-by_SLH-DSA-SHAKE-128s,SLH-DSA-SHA2-192s_signed-by_SLH-DSA-SHAKE-128s,5596.59,95.2079,8.07063,0,0,0,356.261,24,1.86316e+06,1.86432e+06,32804,32801
2,5,31,SLH-DSA-SHA2-192s_signed-by_SLH-DSA-SHAKE-128s,SLH-DSA-SHA2-192s_signed-by_SLH-DSA-SHAKE-128s,5599.39,95.1604,8.0666,0,0,0,356.261,9,1.8609e+06,1.8635e+06,32804,32801
2,3,31,SLH-DSA-SHA2-192s_signed-by_SLH-DSA-SHAKE-128s,SLH-DSA-SHA2-192s_signed-by_SLH-DSA-SHAKE-128s,5592.81,95.2723,8.03031,0,0,0,395.333,24,1.86172e+06,1.86257e+06,32804,32801
2,4,31,SLH-DSA-SHA2-192s_signed-by_SLH-DSA-SHAKE-128s,SLH-DSA-SHA2-192s_signed-by_SLH-DSA-SHAKE-128s,5594.44,95.2446,8.07373,0,0,0,356.261,24,1.8638e+06,1.86455e+06,32804,32801
2,8,32,SLH-DSA-SHA2-192s_signed-by_SLH-DSA-SHAKE-128s,SLH-DSA-SHA2-192s_signed-by_SLH-DSA-SHAKE-128s,5597.6,95.1908,8.06917,0,0,0,356.261,18,1.86105e+06,1.86264e+06,32804,32801
2,6,32,SLH-DSA-SHA2-192s_signed-by_SLH-DSA-SHAKE-128s,SLH-DSA-SHA2-192s_signed-by_SLH-DSA-SHAKE-128s,5597.6,95.1907,8.02343,0,0,0,395.333,18,1.86392e+06,1.86494e+06,32804,32801
2,1,32,SLH-DSA-SHA2-192s_signed-by_SLH-DSA-SHAKE-128s,SLH-DSA-SHA2-192s_signed-by_SLH-DSA-SHAKE-128s,5598.22,95.1803,8.02256,0,0,0,395.333,24,1.86118e+06,1.86436e+06,32804,32801
2,7,32,SLH-DSA-SHA2-192s_signed-by_SLH-DSA-SHAKE-128s,SLH-DSA-SHA2-192s_signed-by_SLH-DSA-SHAKE-128s,5596.57,95.2083,8.02492,0,0,0,467.067,11,1.86479e+06,1.86431e+06,32804,32801
2,2,32,SLH-DSA-SHA2-192s_signed-by_SLH-DSA-SHAKE-128s,SLH-DSA-SHA2-192s_signed-by_SLH-DSA-SHAKE-128s,5597.81,95.1872,8.06887,0,0,0,356.261,24,1.86162e+06,1.8632e+06,32804,32801
2,5,32,SLH-DSA-SHA2-192s_signed-by_SLH-DSA-SHAKE-128s,SLH-DSA-SHA2-192s_signed-by_SLH-DSA-SHAKE-128s,5602.52,95.1073,8.06209,0,0,0,356.261,13,1.86119e+06,1.87016e+06,32804,32801
2,3,32,SLH-DSA-SHA2-192s_signed-by_SLH-DSA-SHAKE-128s,SLH-DSA-SHA2-192s_signed-by_SLH-DSA-SHAKE-128s,5602.51,95.1073,8.0164,0,0,0,395.333,24,1.86325e+06,1.86541e+06,32804,32801
2,4,32,SLH-DSA-SHA2-192s_signed-by_SLH-DSA-SHAKE-128s,SLH-DSA-SHA2-192s_signed-by_SLH-DSA-SHAKE-128s,5595.63,95.2242,8.02626,0,0,0,395.333,24,1.86106e+06,1.86347e+06,32804,32801
2,8,33,SLH-DSA-SHA2-192s_signed-by_SLH-DSA-SHAKE-128s,SLH-DSA-SHA2-192s_signed-by_SLH-DSA-SHAKE-128s,5595.74,95.2225,8.07186,0,0,0,356.261,12,1.86196e+06,1.86394e+06,32804,32801
2,6,33,SLH-DSA-SHA2-192s_signed-by_SLH-DSA-SHAKE-128s,SLH-DSA-SHA2-192s_signed-by_SLH-DSA-SHAKE-128s,5596.49,95.2097,8.07077,0,0,0,356.261,11,1.86292e+06,1.86595e+06,32804,32801
2,1,33,SLH-DSA-SHA2-192s_signed-by_SLH-DSA-SHAKE-128s,SLH-DSA-SHA2-192s_signed-by_SLH-DSA-SHAKE-128s,5598.84,95.1697,9.90205,0,0,0,499.061,24,1.8618e+06,1.86202e+06,32804,32801
2,7,33,SLH-DSA-SHA2-192s_signed-by_SLH-DSA-SHAKE-128s,SLH-DSA-SHA2-192s_signed-by_SLH-DSA-SHAKE-128s,5598.34,95.1783,8.06811,0,0,0,356.261,9,1.87107e+06,1.86641e+06,32804,32801
2,2,33,SLH-DSA-SHA2-192s_signed-by_SLH-DSA-SHAKE-128s,SLH-DSA-SHA2-192s_signed-by_SLH-DSA-SHAKE-128s,5597.77,95.1878,8.06892,0,0,0,356.261,24,1.86299e+06,1.8683e+06,32804,32801
2,5,33,SLH-DSA-SHA2-192s_signed-by_SLH-DSA-SHAKE-128s,SLH-DSA-SHA2-192s_signed-by_SLH-DSA-SHAKE-128s,5596.83,95.2039,8.07029,0,0,0,356.261,13,1.86639e+06,1.86466e+06,32804,32801
2,3,33,SLH-DSA-SHA2-192s_signed-by_SLH-DSA-SHAKE-128s,SLH-DSA-SHA2-192s_signed-by_SLH-DSA-SHAKE-128s,5597.69,95.1892,9.90408,0,0,0,499.061,24,1.86544e+06,1.86425e+06,32804,32801
2,4,33,SLH-DSA-SHA2-192s_signed-by_SLH-DSA-SHAKE-128s,SLH-DSA-SHA2-192s_signed-by_SLH-DSA-SHAKE-128s,5594.46,95.2442,8.0737,0,0,0,356.261,24,1.86156e+06,1.86414e+06,32804,32801
2,8,34,SLH-DSA-SHA2-192s_signed-by_SLH-DSA-SHAKE-128s,SLH-DSA-SHA2-192s_signed-by_SLH-DSA-SHAKE-128s,5593.83,95.255,8.07461,0,0,0,356.261,13,1.8621e+06,1.86326e+06,32804,32801
2,6,34,SLH-DSA-SHA2-192s_signed-by_SLH-DSA-SHAKE-128s,SLH-DSA-SHA2-192s_signed-by_SLH-DSA-SHAKE-128s,5598.27,95.1794,8.0682,0,0,0,356.261,6,1.86336e+06,1.86702e+06,32804,32801
2,1,34,SLH-DSA-SHA2-192s_signed-by_SLH-DSA-SHAKE-128s,SLH-DSA-SHA2-192s_signed-by_SLH-DSA-SHAKE-128s,5596.95,95.2019,8.07011,0,0,0,356.261,24,1.86166e+06,1.86496e+06,32804,32801
2,7,34,SLH-DSA-SHA2-192s_signed-by_SLH-DSA-SHAKE-128s,SLH-DSA-SHA2-192s_signed-by_SLH-DSA-SHAKE-128s,5596.51,95.2093,8.07074,0,0,0,356.261,13,1.86133e+06,1.86287e+06,32804,32801
2,2,34,SLH-DSA-SHA2-192s_signed-by_SLH-DSA-SHAKE-128s,SLH-DSA-SHA2-192s_signed-by_SLH-DSA-SHAKE-128s,5594.01,95.2519,8.07436,0,0,0,356.261,24,1.8617e+06,1.86241e+06,32804,32801
2,5,34,SLH-DSA-SHA2-192s_signed-by_SLH-DSA-SHAKE-128s,SLH-DSA-SHA2-192s_signed-by_SLH-DSA-SHAKE-128s,5595.71,95.223,8.0719,0,0,0,356.261,13,1.87254e+06,1.86478e+06,32804,32801
2,3,34,SLH-DSA-SHA2-192s_signed-by_SLH-DSA-SHAKE-128s,SLH-DSA-SHA2-192s_signed-by_SLH-DSA-SHAKE-128s,5598.23,95.18,8.06826,0,0,0,356.261,24,1.86411e+06,1.86535e+06,32804,32801
2,4,34,SLH-DSA-SHA2-192s_signed-by_SLH-DSA-SHAKE-128s,SLH-DSA-SHA2-192s_signed-by_SLH-DSA-SHAKE-128s,5591.66,95.2919,8.07774,0,0,0,356.261,24,1.86232e+06,1.86264e+06,32804,32801
2,8,35,SLH-DSA-SHA2-192s_signed-by_SLH-DSA-SHAKE-128s,SLH-DSA-SHA2-192s_signed-by_SLH-DSA-SHAKE-128s,5595.08,95.2336,8.02705,0,0,0,395.333,15,1.86294e+06,1.86383e+06,32804,32801
2,6,35,SLH-DSA-SHA2-192s_signed-by_SLH-DSA-SHAKE-128s,SLH-DSA-SHA2-192s_signed-by_SLH-DSA-SHAKE-128s,5598.05,95.1831,8.06852,0,0,0,356.261,3,1.86285e+06,1.86457e+06,32804,32801
2,1,35,SLH-DSA-SHA2-192s_signed-by_SLH-DSA-SHAKE-128s,SLH-DSA-SHA2-192s_signed-by_SLH-DSA-SHAKE-128s,5595.57,95.2252,8.07209,0,0,0,356.261,24,1.86298e+06,1.86401e+06,32804,32801
2,7,35,SLH-DSA-SHA2-192s_signed-by_SLH-DSA-SHAKE-128s,SLH-DSA-SHA2-192s_signed-by_SLH-DSA-SHAKE-128s,5598.07,95.1828,8.06849,0,0,0,356.261,8,1.86337e+06,1.86565e+06,32804,32801
2,2,35,SLH-DSA-SHA2-192s_signed-by_SLH-DSA-SHAKE-128s,SLH-DSA-SHA2-192s_signed-by_SLH-DSA-SHAKE-128s,5594.38,95.2457,8.07382,0,0,0,356.261,24,1.86211e+06,1.86231e+06,32804,32801
2,5,35,SLH-DSA-SHA2-192s_signed-by_SLH-DSA-SHAKE-128s,SLH-DSA-SHA2-192s_signed-by_SLH-DSA-SHAKE-128s,5597.34,95.1952,8.06954,0.0217391,0,0,373.652,7,1.86142e+06,1.86403e+06,32804,32801
2,3,35,SLH-DSA-SHA2-192s_signed-by_SLH-DSA-SHAKE-128s,SLH-DSA-SHA2-192s_signed-by_SLH-DSA-SHAKE-128s,5597.44,95.1935,8.0694,0.0217391,0,0,356.261,24,1.8619e+06,1.86398e+06,32804,32801
2,4,35,SLH-DSA-SHA2-192s_signed-by_SLH-DSA-SHAKE-128s,SLH-DSA-SHA2-192s_signed-by_SLH-DSA-SHAKE-128s,5597.12,95.199,8.06987,0.0217391,0,0,356.261,24,1.86183e+06,1.86543e+06,32804,32801
2,8,36,SLH-DSA-SHA2-192s_signed-by_SLH-DSA-SHAKE-128s,SLH-DSA-SHA2-192s_signed-by_SLH-DSA-SHAKE-128s,5598.78,95.1708,8.06748,0.0217391,0,0,356.261,14,1.86424e+06,1.86329e+06,32804,32801
2,6,36,SLH-DSA-SHA2-192s_signed-by_SLH-DSA-SHAKE-128s,SLH-DSA-SHA2-192s_signed-by_SLH-DSA-SHAKE-128s,5599.65,95.156,8.06622,0.0217391,0,0,356.261,13,1.86182e+06,1.86339e+06,32804,32801
2,1,36,SLH-DSA-SHA2-192s_signed-by_SLH-DSA-SHAKE-128s,SLH-DSA-SHA2-192s_signed-by_SLH-DSA-SHAKE-128s,5599.58,95.1572,8.06633,0.0217391,0,0,356.261,24,1.86235e+06,1.86394e+06,32804,32801
2,7,36,SLH-DSA-SHA2-192s_signed-by_SLH-DSA-SHAKE-128s,SLH-DSA-SHA2-192s_signed-by_SLH-DSA-SHAKE-128s,5597.85,95.1865,8.19743,0.0212766,1,0.0212766,349.83,14,1.863e+06,1.8637e+06,32804,32801
2,2,36,SLH-DSA-SHA2-192s_signed-by_SLH-DSA-SHAKE-128s,SLH-DSA-SHA2-192s_signed-by_SLH-DSA-SHAKE-128s,5612.98,94.93,8.09268,0.0212766,0,0,349.489,24,1.86469e+06,1.86479e+06,32804,32801
2,5,36,SLH-DSA-SHA2-192s_signed-by_SLH-DSA-SHAKE-128s,SLH-DSA-SHA2-192s_signed-by_SLH-DSA-SHAKE-128s,5603.19,95.0958,8.06112,0,0,0,356.261,12,1.86375e+06,1.8681e+06,32804,32801
2,3,36,SLH-DSA-SHA2-192s_signed-by_SLH-DSA-SHAKE-128s,SLH-DSA-SHA2-192s_signed-by_SLH-DSA-SHAKE-128s,5599.1,95.1652,8.06701,0,0,0,356.261,24,1.86154e+06,1.86331e+06,32804,32801
2,4,36,SLH-DSA-SHA2-192s_signed-by_SLH-DSA-SHAKE-128s,SLH-DSA-SHA2-192s_signed-by_SLH-DSA-SHAKE-128s,5597.85,95.1865,8.06881,0,0,0,356.261,24,1.86126e+06,1.8642e+06,32804,32801
2,8,37,SLH-DSA-SHA2-192s_signed-by_SLH-DSA-SHAKE-128s,SLH-DSA-SHA2-192s_signed-by_SLH-DSA-SHAKE-128s,5599.62,95.1564,8.06626,0,0,0,414.087,17,1.86329e+06,1.86437e+06,32804,32801
2,6,37,SLH-DSA-SHA2-192s_signed-by_SLH-DSA-SHAKE-128s,SLH-DSA-SHA2-192s_signed-by_SLH-DSA-SHAKE-128s,5596.32,95.2125,8.07101,0,0,0,414.087,17,1.86234e+06,1.86427e+06,32804,32801
2,1,37,SLH-DSA-SHA2-192s_signed-by_SLH-DSA-SHAKE-128s,SLH-DSA-SHA2-192s_signed-by_SLH-DSA-SHAKE-128s,5592.43,95.2788,8.03086,0,0,0,395.333,24,1.8624e+06,1.86379e+06,32804,32801
2,2,37,SLH-DSA-SHA2-192s_signed-by_SLH-DSA-SHAKE-128s,SLH-DSA-SHA2-192s_signed-by_SLH-DSA-SHAKE-128s,5593.19,95.2658,8.07553,0,0,0,356.261,24,1.86182e+06,1.86249e+06,32804,32801
2,5,37,SLH-DSA-SHA2-192s_signed-by_SLH-DSA-SHAKE-128s,SLH-DSA-SHA2-192s_signed-by_SLH-DSA-SHAKE-128s,5598.31,95.1787,8.06815,0,0,0,356.261,15,1.86307e+06,1.86458e+06,32804,32801
2,7,37,SLH-DSA-SHA2-192s_signed-by_SLH-DSA-SHAKE-128s,SLH-DSA-SHA2-192s_signed-by_SLH-DSA-SHAKE-128s,5702.71,93.4362,7.92044,0,0,0,356.696,19,1.86414e+06,1.96887e+06,32804,32801
2,3,37,SLH-DSA-SHA2-192s_signed-by_SLH-DSA-SHAKE-128s,SLH-DSA-SHA2-192s_signed-by_SLH-DSA-SHAKE-128s,5597.44,95.1936,8.06941,0,0,0,356.261,24,1.8618e+06,1.86527e+06,32804,32801
2,4,37,SLH-DSA-SHA2-192s_signed-by_SLH-DSA-SHAKE-128s,SLH-DSA-SHA2-192s_signed-by_SLH-DSA-SHAKE-128s,5594.72,95.2398,8.07332,0,0,0,356.261,24,1.86242e+06,1.86286e+06,32804,32801
2,8,38,SLH-DSA-SHA2-192s_signed-by_SLH-DSA-SHAKE-128s,SLH-DSA-SHA2-192s_signed-by_SLH-DSA-SHAKE-128s,5592.06,95.2852,8.07717,0,0,0,356.261,13,1.86127e+06,1.86284e+06,32804,32801
2,6,38,SLH-DSA-SHA2-192s_signed-by_SLH-DSA-SHAKE-128s,SLH-DSA-SHA2-192s_signed-by_SLH-DSA-SHAKE-128s,5595.38,95.2285,8.07237,0,0,0,356.261,15,1.86268e+06,1.86552e+06,32804,32801
2,1,38,SLH-DSA-SHA2-192s_signed-by_SLH-DSA-SHAKE-128s,SLH-DSA-SHA2-192s_signed-by_SLH-DSA-SHAKE-128s,5595.7,95.2231,8.02616,0,0,0,395.333,24,1.86579e+06,1.86474e+06,32804,32801
2,2,38,SLH-DSA-SHA2-192s_signed-by_SLH-DSA-SHAKE-128s,SLH-DSA-SHA2-192s_signed-by_SLH-DSA-SHAKE-128s,5599.14,95.1645,8.06695,0,0,0,356.261,24,1.86326e+06,1.86674e+06,32804,32801
2,5,38,SLH-DSA-SHA2-192s_signed-by_SLH-DSA-SHAKE-128s,SLH-DSA-SHA2-192s_signed-by_SLH-DSA-SHAKE-128s,5594.17,95.2491,8.07412,0,0,0,356.261,20,1.86109e+06,1.86303e+06,32804,32801
2,7,38,SLH-DSA-SHA2-192s_signed-by_SLH-DSA-SHAKE-128s,SLH-DSA-SHA2-192s_signed-by_SLH-DSA-SHAKE-128s,5599.15,95.1644,8.06694,0,0,0,356.261,23,1.86655e+06,1.862e+06,32804,32801
2,3,38,SLH-DSA-SHA2-192s_signed-by_SLH-DSA-SHAKE-128s,SLH-DSA-SHA2-192s_signed-by_SLH-DSA-SHAKE-128s,5591.92,95.2875,8.03159,0,0,0,395.333,24,1.863e+06,1.86319e+06,32804,32801
2,4,38,SLH-DSA-SHA2-192s_signed-by_SLH-DSA-SHAKE-128s,SLH-DSA-SHA2-192s_signed-by_SLH-DSA-SHAKE-128s,5601.92,95.1174,8.06295,0,0,0,356.261,24,1.86205e+06,1.86841e+06,32804,32801
2,8,39,SLH-DSA-SHA2-192s_signed-by_SLH-DSA-SHAKE-128s,SLH-DSA-SHA2-192s_signed-by_SLH-DSA-SHAKE-128s,5596.69,95.2063,8.02475,0,0,0,395.333,17,1.86226e+06,1.86459e+06,32804,32801
2,6,39,SLH-DSA-SHA2-192s_signed-by_SLH-DSA-SHAKE-128s,SLH-DSA-SHA2-192s_signed-by_SLH-DSA-SHAKE-128s,5595.28,95.2303,8.07252,0,0,0,356.261,12,1.87259e+06,1.86291e+06,32804,32801
2,1,39,SLH-DSA-SHA2-192s_signed-by_SLH-DSA-SHAKE-128s,SLH-DSA-SHA2-192s_signed-by_SLH-DSA-SHAKE-128s,5593.4,95.2623,8.07523,0,0,0,356.261,24,1.86616e+06,1.86328e+06,32804,32801
2,2,39,SLH-DSA-SHA2-192s_signed-by_SLH-DSA-SHAKE-128s,SLH-DSA-SHA2-192s_signed-by_SLH-DSA-SHAKE-128s,5596.79,95.2046,8.0246,0,0,0,395.333,24,1.86612e+06,1.86397e+06,32804,32801
2,5,39,SLH-DSA-SHA2-192s_signed-by_SLH-DSA-SHAKE-128s,SLH-DSA-SHA2-192s_signed-by_SLH-DSA-SHAKE-128s,5594.16,95.2493,8.07414,0,0,0,356.261,16,1.88773e+06,1.86378e+06,32804,32801
2,7,39,SLH-DSA-SHA2-192s_signed-by_SLH-DSA-SHAKE-128s,SLH-DSA-SHA2-192s_signed-by_SLH-DSA-SHAKE-128s,5596.4,95.2112,8.0709,0,0,0,356.261,22,1.86343e+06,1.86632e+06,32804,32801
2,3,39,SLH-DSA-SHA2-192s_signed-by_SLH-DSA-SHAKE-128s,SLH-DSA-SHA2-192s_signed-by_SLH-DSA-SHAKE-128s,5601.59,95.123,8.06342,0,0,0,356.261,24,1.86201e+06,1.8711e+06,32804,32801
2,4,39,SLH-DSA-SHA2-192s_signed-by_SLH-DSA-SHAKE-128s,SLH-DSA-SHA2-192s_signed-by_SLH-DSA-SHAKE-128s,5594.98,95.2353,8.02719,0,0,0,395.333,24,1.86164e+06,1.86312e+06,32804,32801
2,8,40,SLH-DSA-SHA2-192s_signed-by_SLH-DSA-SHAKE-128s,SLH-DSA-SHA2-192s_signed-by_SLH-DSA-SHAKE-128s,5601.63,95.1224,8.06337,0,0,0,356.261,13,1.86106e+06,1.86418e+06,32804,32801
2,6,40,SLH-DSA-SHA2-192s_signed-by_SLH-DSA-SHAKE-128s,SLH-DSA-SHA2-192s_signed-by_SLH-DSA-SHAKE-128s,5607.21,95.0277,8.05534,0,0,0,368,13,1.86178e+06,1.86208e+06,32804,32801
2,1,40,SLH-DSA-SHA2-192s_signed-by_SLH-DSA-SHAKE-128s,SLH-DSA-SHA2-192s_signed-by_SLH-DSA-SHAKE-128s,5600.36,95.1439,8.0652,0,0,0,356.261,24,1.86262e+06,1.86337e+06,32804,32801
2,2,40,SLH-DSA-SHA2-192s_signed-by_SLH-DSA-SHAKE-128s,SLH-DSA-SHA2-192s_signed-by_SLH-DSA-SHAKE-128s,5599.12,95.1649,8.06697,0,0,0,356.261,24,1.8653e+06,1.8634e+06,32804,32801
2,5,40,SLH-DSA-SHA2-192s_signed-by_SLH-DSA-SHAKE-128s,SLH-DSA-SHA2-192s_signed-by_SLH-DSA-SHAKE-128s,5597.51,95.1923,8.0693,0,0,0,356.261,17,1.86133e+06,1.86414e+06,32804,32801
2,7,40,SLH-DSA-SHA2-192s_signed-by_SLH-DSA-SHAKE-128s,SLH-DSA-SHA2-192s_signed-by_SLH-DSA-SHAKE-128s,5599.41,95.16,8.06657,0,0,0,356.261,14,1.86526e+06,1.86496e+06,32804,32801
2,3,40,SLH-DSA-SHA2-192s_signed-by_SLH-DSA-SHAKE-128s,SLH-DSA-SHA2-192s_signed-by_SLH-DSA-SHAKE-128s,5595.85,95.2205,8.07169,0,0,0,356.261,24,1.86354e+06,1.86205e+06,32804,32801
2,4,40,SLH-DSA-SHA2-192s_signed-by_SLH-DSA-SHAKE-128s,SLH-DSA-SHA2-192s_signed-by_SLH-DSA-SHAKE-128s,5603.6,95.0889,8.95425,0,0,0,606.17,24,1.86309e+06,1.86397e+06,32804,32801
2,8,41,SLH-DSA-SHA2-192s_signed-by_SLH-DSA-SHAKE-128s,SLH-DSA-SHA2-192s_signed-by_SLH-DSA-SHAKE-128s,5598.4,95.1771,8.06801,0,0,0,356.261,10,1.8624e+06,1.86266e+06,32804,32801
2,6,41,SLH-DSA-SHA2-192s_signed-by_SLH-DSA-SHAKE-128s,SLH-DSA-SHA2-192s_signed-by_SLH-DSA-SHAKE-128s,5598.03,95.1835,8.02283,0,0,0,395.333,17,1.86345e+06,1.86692e+06,32804,32801
2,1,41,SLH-DSA-SHA2-192s_signed-by_SLH-DSA-SHAKE-128s,SLH-DSA-SHA2-192s_signed-by_SLH-DSA-SHAKE-128s,5596.73,95.2056,8.07042,0,0,0,356.261,24,1.862e+06,1.86456e+06,32804,32801
2,2,41,SLH-DSA-SHA2-192s_signed-by_SLH-DSA-SHAKE-128s,SLH-DSA-SHA2-192s_signed-by_SLH-DSA-SHAKE-128s,5593.05,95.2683,8.07574,0,0,0,356.261,24,1.86368e+06,1.86227e+06,32804,32801
2,5,41,SLH-DSA-SHA2-192s_signed-by_SLH-DSA-SHAKE-128s,SLH-DSA-SHA2-192s_signed-by_SLH-DSA-SHAKE-128s,5601.58,95.1232,8.06344,0,0,0,587.565,13,1.86316e+06,1.86518e+06,32804,32801
2,7,41,SLH-DSA-SHA2-192s_signed-by_SLH-DSA-SHAKE-128s,SLH-DSA-SHA2-192s_signed-by_SLH-DSA-SHAKE-128s,5593.31,95.2637,8.07535,0,0,0,356.261,13,1.86555e+06,1.86198e+06,32804,32801
2,3,41,SLH-DSA-SHA2-192s_signed-by_SLH-DSA-SHAKE-128s,SLH-DSA-SHA2-192s_signed-by_SLH-DSA-SHAKE-128s,5593.19,95.2659,8.07554,0,0,0,356.261,24,1.86344e+06,1.8622e+06,32804,32801
2,4,41,SLH-DSA-SHA2-192s_signed-by_SLH-DSA-SHAKE-128s,SLH-DSA-SHA2-192s_signed-by_SLH-DSA-SHAKE-128s,5593.51,95.2605,8.07508,0,0,0,356.261,24,1.86265e+06,1.86244e+06,32804,32801
2,8,42,SLH-DSA-SHA2-192s_signed-by_SLH-DSA-SHAKE-128s,SLH-DSA-SHA2-192s_signed-by_SLH-DSA-SHAKE-128s,5597.84,95.1867,8.0231,0,0,0,395.333,10,1.86207e+06,1.86389e+06,32804,32801
2,6,42,SLH-DSA-SHA2-192s_signed-by_SLH-DSA-SHAKE-128s,SLH-DSA-SHA2-192s_signed-by_SLH-DSA-SHAKE-128s,5594.41,95.245,8.07377,0,0,0,356.261,14,1.86205e+06,1.864e+06,32804,32801
2,1,42,SLH-DSA-SHA2-192s_signed-by_SLH-DSA-SHAKE-128s,SLH-DSA-SHA2-192s_signed-by_SLH-DSA-SHAKE-128s,5594.8,95.2384,8.07321,0,0,0,356.261,24,1.86178e+06,1.86306e+06,32804,32801
2,2,42,SLH-DSA-SHA2-192s_signed-by_SLH-DSA-SHAKE-128s,SLH-DSA-SHA2-192s_signed-by_SLH-DSA-SHAKE-128s,5597.25,95.1968,9.01014,0,0,0,481.667,24,1.86346e+06,1.86339e+06,32804,32801
2,5,42,SLH-DSA-SHA2-192s_signed-by_SLH-DSA-SHAKE-128s,SLH-DSA-SHA2-192s_signed-by_SLH-DSA-SHAKE-128s,5594.6,95.2419,8.0735,0,0,0,356.261,9,1.86455e+06,1.86538e+06,32804,32801
2,7,42,SLH-DSA-SHA2-192s_signed-by_SLH-DSA-SHAKE-128s,SLH-DSA-SHA2-192s_signed-by_SLH-DSA-SHAKE-128s,5596.55,95.2087,8.07069,0,0,0,358,15,1.86222e+06,1.86412e+06,32804,32801
2,3,42,SLH-DSA-SHA2-192s_signed-by_SLH-DSA-SHAKE-128s,SLH-DSA-SHA2-192s_signed-by_SLH-DSA-SHAKE-128s,5594.56,95.2424,8.02779,0,0,0,395.333,24,1.8626e+06,1.86398e+06,32804,32801
2,4,42,SLH-DSA-SHA2-192s_signed-by_SLH-DSA-SHAKE-128s,SLH-DSA-SHA2-192s_signed-by_SLH-DSA-SHAKE-128s,5595.01,95.2348,8.07291,0.304348,0,0,356.261,24,1.86136e+06,1.86206e+06,32804,32801
2,8,43,SLH-DSA-SHA2-192s_signed-by_SLH-DSA-SHAKE-128s,SLH-DSA-SHA2-192s_signed-by_SLH-DSA-SHAKE-128s,5595.32,95.2295,8.07245,0.304348,0,0,427.217,6,1.86268e+06,1.86378e+06,32804,32801
2,6,43,SLH-DSA-SHA2-192s_signed-by_SLH-DSA-SHAKE-128s,SLH-DSA-SHA2-192s_signed-by_SLH-DSA-SHAKE-128s,5595.72,95.2227,8.07188,0.304348,0,0,356.261,15,1.86351e+06,1.86349e+06,32804,32801
2,1,43,SLH-DSA-SHA2-192s_signed-by_SLH-DSA-SHAKE-128s,SLH-DSA-SHA2-192s_signed-by_SLH-DSA-SHAKE-128s,5600.25,95.1457,8.06535,0.304348,0,0,356.261,24,1.86279e+06,1.86669e+06,32804,32801
2,2,43,SLH-DSA-SHA2-192s_signed-by_SLH-DSA-SHAKE-128s,SLH-DSA-SHA2-192s_signed-by_SLH-DSA-SHAKE-128s,5593.81,95.2552,8.07464,0.304348,0,0,356.261,24,1.86318e+06,1.86247e+06,32804,32801
2,5,43,SLH-DSA-SHA2-192s_signed-by_SLH-DSA-SHAKE-128s,SLH-DSA-SHA2-192s_signed-by_SLH-DSA-SHAKE-128s,5596.02,95.2176,8.07144,0.304348,0,0,356.261,10,1.8676e+06,1.86291e+06,32804,32801
2,7,43,SLH-DSA-SHA2-192s_signed-by_SLH-DSA-SHAKE-128s,SLH-DSA-SHA2-192s_signed-by_SLH-DSA-SHAKE-128s,5593.73,95.2566,8.07475,0.304348,0,0,356.261,9,1.86682e+06,1.86355e+06,32804,32801
2,3,43,SLH-DSA-SHA2-192s_signed-by_SLH-DSA-SHAKE-128s,SLH-DSA-SHA2-192s_signed-by_SLH-DSA-SHAKE-128s,5595.36,95.2289,9.94253,0.28,29,0.58,623.68,24,1.86298e+06,1.86221e+06,32804,32801
2,4,43,SLH-DSA-SHA2-192s_signed-by_SLH-DSA-SHAKE-128s,SLH-DSA-SHA2-192s_signed-by_SLH-DSA-SHAKE-128s,5601.03,95.1324,8.01852,0,0,0,395.333,24,1.8626e+06,1.86525e+06,32804,32801
2,8,44,SLH-DSA-SHA2-192s_signed-by_SLH-DSA-SHAKE-128s,SLH-DSA-SHA2-192s_signed-by_SLH-DSA-SHAKE-128s,5604.81,95.0683,8.05879,0,0,0,356.261,1,1.86189e+06,1.8639e+06,32804,32801
2,6,44,SLH-DSA-SHA2-192s_signed-by_SLH-DSA-SHAKE-128s,SLH-DSA-SHA2-192s_signed-by_SLH-DSA-SHAKE-128s,5603.43,95.0918,8.06078,0,0,0,356.261,14,1.86265e+06,1.86435e+06,32804,32801
2,1,44,SLH-DSA-SHA2-192s_signed-by_SLH-DSA-SHAKE-128s,SLH-DSA-SHA2-192s_signed-by_SLH-DSA-SHAKE-128s,5600.51,95.1413,9.00489,0,0,0,481.667,24,1.86494e+06,1.86339e+06,32804,32801
2,2,44,SLH-DSA-SHA2-192s_signed-by_SLH-DSA-SHAKE-128s,SLH-DSA-SHA2-192s_signed-by_SLH-DSA-SHAKE-128s,5604.32,95.0766,8.05949,0,0,0,356.261,24,1.86379e+06,1.86543e+06,32804,32801
2,5,44,SLH-DSA-SHA2-192s_signed-by_SLH-DSA-SHAKE-128s,SLH-DSA-SHA2-192s_signed-by_SLH-DSA-SHAKE-128s,5601.77,95.1199,8.01746,0,0,0,395.333,8,1.86513e+06,1.86356e+06,32804,32801
2,7,44,SLH-DSA-SHA2-192s_signed-by_SLH-DSA-SHAKE-128s,SLH-DSA-SHA2-192s_signed-by_SLH-DSA-SHAKE-128s,5601.75,95.1203,8.06319,0,0,0,356.261,13,1.8614e+06,1.86351e+06,32804,32801
2,3,44,SLH-DSA-SHA2-192s_signed-by_SLH-DSA-SHAKE-128s,SLH-DSA-SHA2-192s_signed-by_SLH-DSA-SHAKE-128s,5607.98,95.0146,8.05424,0,0,0,356.261,24,1.86708e+06,1.86237e+06,32804,32801
2,4,44,SLH-DSA-SHA2-192s_signed-by_SLH-DSA-SHAKE-128s,SLH-DSA-SHA2-192s_signed-by_SLH-DSA-SHAKE-128s,5602.88,95.1012,8.06158,0,0,0,356.261,24,1.86247e+06,1.86356e+06,32804,32801
2,8,45,SLH-DSA-SHA2-192s_signed-by_SLH-DSA-SHAKE-128s,SLH-DSA-SHA2-192s_signed-by_SLH-DSA-SHAKE-128s,5592.45,95.2784,8.0766,0,0,0,356.261,8,1.8624e+06,1.86256e+06,32804,32801
2,6,45,SLH-DSA-SHA2-192s_signed-by_SLH-DSA-SHAKE-128s,SLH-DSA-SHA2-192s_signed-by_SLH-DSA-SHAKE-128s,5598.03,95.1835,8.06855,0,0,0,356.261,14,1.86273e+06,1.86443e+06,32804,32801
2,1,45,SLH-DSA-SHA2-192s_signed-by_SLH-DSA-SHAKE-128s,SLH-DSA-SHA2-192s_signed-by_SLH-DSA-SHAKE-128s,5600.96,95.1336,8.06433,0,0,0,356.261,24,1.86162e+06,1.86962e+06,32804,32801
2,2,45,SLH-DSA-SHA2-192s_signed-by_SLH-DSA-SHAKE-128s,SLH-DSA-SHA2-192s_signed-by_SLH-DSA-SHAKE-128s,5597.8,95.1875,8.06889,0,0,0,356.261,24,1.86863e+06,1.86449e+06,32804,32801
2,5,45,SLH-DSA-SHA2-192s_signed-by_SLH-DSA-SHAKE-128s,SLH-DSA-SHA2-192s_signed-by_SLH-DSA-SHAKE-128s,5595.71,95.2229,8.0719,0,0,0,356.261,9,1.8623e+06,1.86518e+06,32804,32801
2,3,45,SLH-DSA-SHA2-192s_signed-by_SLH-DSA-SHAKE-128s,SLH-DSA-SHA2-192s_signed-by_SLH-DSA-SHAKE-128s,5594.76,95.2392,8.07327,0,0,0,356.261,24,1.87089e+06,1.86354e+06,32804,32801
2,7,45,SLH-DSA-SHA2-192s_signed-by_SLH-DSA-SHAKE-128s,SLH-DSA-SHA2-192s_signed-by_SLH-DSA-SHAKE-128s,5633.33,94.587,8.01799,0,0,0,356.261,12,1.86451e+06,1.86462e+06,32804,32801
2,4,45,SLH-DSA-SHA2-192s_signed-by_SLH-DSA-SHAKE-128s,SLH-DSA-SHA2-192s_signed-by_SLH-DSA-SHAKE-128s,5595.75,95.2222,8.07184,0,0,0,356.261,24,1.86345e+06,1.86639e+06,32804,32801
2,8,46,SLH-DSA-SHA2-192s_signed-by_SLH-DSA-SHAKE-128s,SLH-DSA-SHA2-192s_signed-by_SLH-DSA-SHAKE-128s,5599.23,95.1631,8.0211,0,0,0,395.333,13,1.86277e+06,1.86328e+06,32804,32801
2,6,46,SLH-DSA-SHA2-192s_signed-by_SLH-DSA-SHAKE-128s,SLH-DSA-SHA2-192s_signed-by_SLH-DSA-SHAKE-128s,5597.84,95.1866,8.06882,0,0,0,356.261,12,1.86197e+06,1.86761e+06,32804,32801
2,1,46,SLH-DSA-SHA2-192s_signed-by_SLH-DSA-SHAKE-128s,SLH-DSA-SHA2-192s_signed-by_SLH-DSA-SHAKE-128s,5596.84,95.2037,8.07027,0,0,0,356.261,24,1.86194e+06,1.8643e+06,32804,32801
2,2,46,SLH-DSA-SHA2-192s_signed-by_SLH-DSA-SHAKE-128s,SLH-DSA-SHA2-192s_signed-by_SLH-DSA-SHAKE-128s,5592.99,95.2692,8.07582,0,0,0,356.261,24,1.86409e+06,1.86276e+06,32804,32801
2,5,46,SLH-DSA-SHA2-192s_signed-by_SLH-DSA-SHAKE-128s,SLH-DSA-SHA2-192s_signed-by_SLH-DSA-SHAKE-128s,5597.32,95.1955,8.02384,0,0,0,395.333,17,1.86476e+06,1.86392e+06,32804,32801
2,3,46,SLH-DSA-SHA2-192s_signed-by_SLH-DSA-SHAKE-128s,SLH-DSA-SHA2-192s_signed-by_SLH-DSA-SHAKE-128s,5596.24,95.2139,8.07113,0,0,0,356.261,24,1.86182e+06,1.86459e+06,32804,32801
2,7,46,SLH-DSA-SHA2-192s_signed-by_SLH-DSA-SHAKE-128s,SLH-DSA-SHA2-192s_signed-by_SLH-DSA-SHAKE-128s,5593.43,95.2617,8.07518,0,0,0,356.261,7,1.86436e+06,1.86446e+06,32804,32801
2,4,46,SLH-DSA-SHA2-192s_signed-by_SLH-DSA-SHAKE-128s,SLH-DSA-SHA2-192s_signed-by_SLH-DSA-SHAKE-128s,5597.69,95.1892,8.06904,0,0,0,356.261,24,1.87311e+06,1.86487e+06,32804,32801
2,8,47,SLH-DSA-SHA2-192s_signed-by_SLH-DSA-SHAKE-128s,SLH-DSA-SHA2-192s_signed-by_SLH-DSA-SHAKE-128s,5704.69,93.4038,7.91769,0,0,0,356.261,10,1.97078e+06,1.86386e+06,32804,32801
2,6,47,SLH-DSA-SHA2-192s_signed-by_SLH-DSA-SHAKE-128s,SLH-DSA-SHA2-192s_signed-by_SLH-DSA-SHAKE-128s,5709.3,93.3284,7.86646,0,0,0,395.333,16,1.86363e+06,1.86672e+06,32804,32801
2,1,47,SLH-DSA-SHA2-192s_signed-by_SLH-DSA-SHAKE-128s,SLH-DSA-SHA2-192s_signed-by_SLH-DSA-SHAKE-128s,5700.09,93.4792,7.92409,0,0,0,356.261,24,1.86654e+06,1.86501e+06,32804,32801
2,2,47,SLH-DSA-SHA2-192s_signed-by_SLH-DSA-SHAKE-128s,SLH-DSA-SHA2-192s_signed-by_SLH-DSA-SHAKE-128s,5705.32,93.3935,7.91682,0,0,0,356.261,24,1.86409e+06,1.86361e+06,32804,32801
2,5,47,SLH-DSA-SHA2-192s_signed-by_SLH-DSA-SHAKE-128s,SLH-DSA-SHA2-192s_signed-by_SLH-DSA-SHAKE-128s,5700.88,93.4663,7.92299,0,0,0,362.522,16,1.86214e+06,1.86278e+06,32804,32801
2,3,47,SLH-DSA-SHA2-192s_signed-by_SLH-DSA-SHAKE-128s,SLH-DSA-SHA2-192s_signed-by_SLH-DSA-SHAKE-128s,5698.78,93.5007,7.9259,0,0,0,356.261,24,1.86595e+06,1.86266e+06,32804,32801
2,7,47,SLH-DSA-SHA2-192s_signed-by_SLH-DSA-SHAKE-128s,SLH-DSA-SHA2-192s_signed-by_SLH-DSA-SHAKE-128s,5714.09,93.2502,7.90467,0,0,0,370.348,9,1.86108e+06,1.86248e+06,32804,32801
2,4,47,SLH-DSA-SHA2-192s_signed-by_SLH-DSA-SHAKE-128s,SLH-DSA-SHA2-192s_signed-by_SLH-DSA-SHAKE-128s,5701.22,93.4607,7.92252,0,0,0,356.261,24,1.86079e+06,1.86521e+06,32804,32801
2,8,48,SLH-DSA-SHA2-192s_signed-by_SLH-DSA-SHAKE-128s,SLH-DSA-SHA2-192s_signed-by_SLH-DSA-SHAKE-128s,5597.77,95.1879,8.06892,0,0,0,356.261,11,1.86346e+06,1.86702e+06,32804,32801
2,6,48,SLH-DSA-SHA2-192s_signed-by_SLH-DSA-SHAKE-128s,SLH-DSA-SHA2-192s_signed-by_SLH-DSA-SHAKE-128s,5596.93,95.2021,8.07013,0,0,0,358.522,16,1.86159e+06,1.86407e+06,32804,32801
2,1,48,SLH-DSA-SHA2-192s_signed-by_SLH-DSA-SHAKE-128s,SLH-DSA-SHA2-192s_signed-by_SLH-DSA-SHAKE-128s,5594.97,95.2355,8.07296,0,0,0,356.261,24,1.86226e+06,1.86296e+06,32804,32801
2,2,48,SLH-DSA-SHA2-192s_signed-by_SLH-DSA-SHAKE-128s,SLH-DSA-SHA2-192s_signed-by_SLH-DSA-SHAKE-128s,5598.75,95.1712,8.06751,0,0,0,356.261,24,1.86599e+06,1.86536e+06,32804,32801
2,5,48,SLH-DSA-SHA2-192s_signed-by_SLH-DSA-SHAKE-128s,SLH-DSA-SHA2-192s_signed-by_SLH-DSA-SHAKE-128s,5593.79,95.2556,8.07467,0,0,0,356.261,15,1.86293e+06,1.86279e+06,32804,32801
2,3,48,SLH-DSA-SHA2-192s_signed-by_SLH-DSA-SHAKE-128s,SLH-DSA-SHA2-192s_signed-by_SLH-DSA-SHAKE-128s,5593.52,95.2602,8.02929,0,0,0,395.333,24,1.86471e+06,1.86437e+06,32804,32801
2,7,48,SLH-DSA-SHA2-192s_signed-by_SLH-DSA-SHAKE-128s,SLH-DSA-SHA2-192s_signed-by_SLH-DSA-SHAKE-128s,5596.22,95.2143,8.02542,0,0,0,395.333,10,1.86123e+06,1.86559e+06,32804,32801
2,4,48,SLH-DSA-SHA2-192s_signed-by_SLH-DSA-SHAKE-128s,SLH-DSA-SHA2-192s_signed-by_SLH-DSA-SHAKE-128s,5600.47,95.142,8.01933,0,0,0,395.333,24,1.86027e+06,1.86519e+06,32804,32801
2,8,49,SLH-DSA-SHA2-192s_signed-by_SLH-DSA-SHAKE-128s,SLH-DSA-SHA2-192s_signed-by_SLH-DSA-SHAKE-128s,5596.36,95.2119,8.07096,0,0,0,414.087,13,1.86968e+06,1.86333e+06,32804,32801
2,6,49,SLH-DSA-SHA2-192s_signed-by_SLH-DSA-SHAKE-128s,SLH-DSA-SHA2-192s_signed-by_SLH-DSA-SHAKE-128s,5601.42,95.1258,8.06366,0,0,0,356.261,18,1.86331e+06,1.86824e+06,32804,32801
2,1,49,SLH-DSA-SHA2-192s_signed-by_SLH-DSA-SHAKE-128s,SLH-DSA-SHA2-192s_signed-by_SLH-DSA-SHAKE-128s,5596.51,95.2094,8.07075,0,0,0,356.261,24,1.86339e+06,1.86577e+06,32804,32801
2,2,49,SLH-DSA-SHA2-192s_signed-by_SLH-DSA-SHAKE-128s,SLH-DSA-SHA2-192s_signed-by_SLH-DSA-SHAKE-128s,5594.71,95.24,8.02759,0,0,0,395.333,24,1.86192e+06,1.86358e+06,32804,32801
2,5,49,SLH-DSA-SHA2-192s_signed-by_SLH-DSA-SHAKE-128s,SLH-DSA-SHA2-192s_signed-by_SLH-DSA-SHAKE-128s,5599.09,95.1654,8.06702,0,0,0,356.261,20,1.8623e+06,1.8637e+06,32804,32801
2,3,49,SLH-DSA-SHA2-192s_signed-by_SLH-DSA-SHAKE-128s,SLH-DSA-SHA2-192s_signed-by_SLH-DSA-SHAKE-128s,5594.23,95.2481,8.07403,0,0,0,356.261,24,1.86348e+06,1.86348e+06,32804,32801
2,7,49,SLH-DSA-SHA2-192s_signed-by_SLH-DSA-SHAKE-128s,SLH-DSA-SHA2-192s_signed-by_SLH-DSA-SHAKE-128s,5600.91,95.1346,8.06441,0,0,0,356.261,11,1.86155e+06,1.86509e+06,32804,32801
2,4,49,SLH-DSA-SHA2-192s_signed-by_SLH-DSA-SHAKE-128s,SLH-DSA-SHA2-192s_signed-by_SLH-DSA-SHAKE-128s,5592.24,95.2819,8.0769,0,0,0,356.261,24,1.86207e+06,1.86319e+06,32804,32801
2,8,50,SLH-DSA-SHA2-192s_signed-by_SLH-DSA-SHAKE-128s,SLH-DSA-SHA2-192s_signed-by_SLH-DSA-SHAKE-128s,5598.82,95.1701,8.06742,0,0,0,356.261,16,1.8622e+06,1.86627e+06,32804,32801
2,6,50,SLH-DSA-SHA2-192s_signed-by_SLH-DSA-SHAKE-128s,SLH-DSA-SHA2-192s_signed-by_SLH-DSA-SHAKE-128s,5595.33,95.2293,8.07244,0,0,0,356.261,13,1.86803e+06,1.86562e+06,32804,32801
2,1,50,SLH-DSA-SHA2-192s_signed-by_SLH-DSA-SHAKE-128s,SLH-DSA-SHA2-192s_signed-by_SLH-DSA-SHAKE-128s,5594.14,95.2496,8.07416,0,0,0,356.261,24,1.86241e+06,1.86245e+06,32804,32801
2,2,50,SLH-DSA-SHA2-192s_signed-by_SLH-DSA-SHAKE-128s,SLH-DSA-SHA2-192s_signed-by_SLH-DSA-SHAKE-128s,5600.5,95.1415,8.06499,0,0,0,356.261,24,1.86278e+06,1.86403e+06,32804,32801
2,5,50,SLH-DSA-SHA2-192s_signed-by_SLH-DSA-SHAKE-128s,SLH-DSA-SHA2-192s_signed-by_SLH-DSA-SHAKE-128s,5599.22,95.1633,8.02112,0,0,0,395.333,17,1.86104e+06,1.86399e+06,32804,32801
2,3,50,SLH-DSA-SHA2-192s_signed-by_SLH-DSA-SHAKE-128s,SLH-DSA-SHA2-192s_signed-by_SLH-DSA-SHAKE-128s,5594.27,95.2475,8.07398,0,0,0,356.261,24,1.86303e+06,1.86464e+06,32804,32801
2,7,50,SLH-DSA-SHA2-192s_signed-by_SLH-DSA-SHAKE-128s,SLH-DSA-SHA2-192s_signed-by_SLH-DSA-SHAKE-128s,5593.3,95.2639,8.0296,0,0,0,395.333,7,1.96848e+06,1.86363e+06,32804,32801
2,4,50,SLH-DSA-SHA2-192s_signed-by_SLH-DSA-SHAKE-128s,SLH-DSA-SHA2-192s_signed-by_SLH-DSA-SHAKE-128s,5596.46,95.2102,8.02507,0,0,0,631.778,24,1.86201e+06,1.86401e+06,32804,32801
2,8,51,SLH-DSA-SHA2-192s_signed-by_SLH-DSA-SHAKE-128s,SLH-DSA-SHA2-192s_signed-by_SLH-DSA-SHAKE-128s,5598.4,95.1771,8.06801,0,0,0,356.261,16,1.862e+06,1.86357e+06,32804,32801
2,6,51,SLH-DSA-SHA2-192s_signed-by_SLH-DSA-SHAKE-128s,SLH-DSA-SHA2-192s_signed-by_SLH-DSA-SHAKE-128s,5599.79,95.1536,8.11174,0,0,0,339.021,17,1.86375e+06,1.86223e+06,32804,32801
2,1,51,SLH-DSA-SHA2-192s_signed-by_SLH-DSA-SHAKE-128s,SLH-DSA-SHA2-192s_signed-by_SLH-DSA-SHAKE-128s,5597.15,95.1985,8.06982,0,0,0,356.261,24,1.86336e+06,1.86207e+06,32804,32801
2,2,51,SLH-DSA-SHA2-192s_signed-by_SLH-DSA-SHAKE-128s,SLH-DSA-SHA2-192s_signed-by_SLH-DSA-SHAKE-128s,5592.76,95.2732,8.07616,0,0,0,356.261,24,1.86384e+06,1.86265e+06,32804,32801
2,5,51,SLH-DSA-SHA2-192s_signed-by_SLH-DSA-SHAKE-128s,SLH-DSA-SHA2-192s_signed-by_SLH-DSA-SHAKE-128s,5598.32,95.1785,8.02241,0,0,0,395.333,16,1.86614e+06,1.86631e+06,32804,32801
2,3,51,SLH-DSA-SHA2-192s_signed-by_SLH-DSA-SHAKE-128s,SLH-DSA-SHA2-192s_signed-by_SLH-DSA-SHAKE-128s,5595.78,95.2217,8.02604,0,0,0,395.333,24,1.86116e+06,1.86388e+06,32804,32801
2,7,51,SLH-DSA-SHA2-192s_signed-by_SLH-DSA-SHAKE-128s,SLH-DSA-SHA2-192s_signed-by_SLH-DSA-SHAKE-128s,5594.36,95.2459,8.07384,0,0,0,356.261,10,1.86335e+06,1.86345e+06,32804,32801
2,4,51,SLH-DSA-SHA2-192s_signed-by_SLH-DSA-SHAKE-128s,SLH-DSA-SHA2-192s_signed-by_SLH-DSA-SHAKE-128s,5597.73,95.1886,8.06899,0,0,0,356.261,24,1.86323e+06,1.86609e+06,32804,32801
2,8,52,SLH-DSA-SHA2-192s_signed-by_SLH-DSA-SHAKE-128s,SLH-DSA-SHA2-192s_signed-by_SLH-DSA-SHAKE-128s,5593.79,95.2556,8.07466,0,0,0,356.261,13,1.86355e+06,1.8631e+06,32804,32801
2,6,52,SLH-DSA-SHA2-192s_signed-by_SLH-DSA-SHAKE-128s,SLH-DSA-SHA2-192s_signed-by_SLH-DSA-SHAKE-128s,5593.48,95.2609,8.07512,0,0,0,356.261,18,1.86141e+06,1.86276e+06,32804,32801
2,1,52,SLH-DSA-SHA2-192s_signed-by_SLH-DSA-SHAKE-128s,SLH-DSA-SHA2-192s_signed-by_SLH-DSA-SHAKE-128s,5595.68,95.2235,8.07195,0,0,0,356.261,24,1.8632e+06,1.86497e+06,32804,32801
2,2,52,SLH-DSA-SHA2-192s_signed-by_SLH-DSA-SHAKE-128s,SLH-DSA-SHA2-192s_signed-by_SLH-DSA-SHAKE-128s,5594.84,95.2378,8.0274,0,0,0,395.333,24,1.87145e+06,1.86434e+06,32804,32801
2,5,52,SLH-DSA-SHA2-192s_signed-by_SLH-DSA-SHAKE-128s,SLH-DSA-SHA2-192s_signed-by_SLH-DSA-SHAKE-128s,5599.45,95.1593,8.02079,0,0,0,395.333,8,1.86366e+06,1.86472e+06,32804,32801
2,3,52,SLH-DSA-SHA2-192s_signed-by_SLH-DSA-SHAKE-128s,SLH-DSA-SHA2-192s_signed-by_SLH-DSA-SHAKE-128s,5605.85,95.0507,8.05729,0,0,0,356.261,24,1.86286e+06,1.86562e+06,32804,32801
2,7,52,SLH-DSA-SHA2-192s_signed-by_SLH-DSA-SHAKE-128s,SLH-DSA-SHA2-192s_signed-by_SLH-DSA-SHAKE-128s,5593.94,95.2531,8.07445,0,0,0,356.261,15,1.86493e+06,1.86357e+06,32804,32801
2,4,52,SLH-DSA-SHA2-192s_signed-by_SLH-DSA-SHAKE-128s,SLH-DSA-SHA2-192s_signed-by_SLH-DSA-SHAKE-128s,5598.01,95.1838,8.02285,0,0,0,395.333,24,1.86311e+06,1.86445e+06,32804,32801
